[2025-12-03T06:31:32+00:00] jpnap api status: 200
[2025-12-03T06:31:32+00:00] jpnap api body len: 145453
[2025-12-03T06:31:32+00:00] jpnap api body head: {"0":{"id":579,"date":"2025-11-20T11:00:42","date_gmt":"2025-11-20T02:00:42","guid":{"rendered":"https:\/\/www.stg.jpnap.net\/home\/?post_type=notice_ja&#038;p=579"},"modified":"2025-11-20T11:10:31","
[2025-12-03T06:31:32+00:00] jpnap api json decode error: No error
[2025-12-03T06:58:24+00:00] jpnap api status: 200
[2025-12-03T06:58:24+00:00] jpnap api body len: 145453
[2025-12-03T06:58:24+00:00] jpnap api body head: {"0":{"id":579,"date":"2025-11-20T11:00:42","date_gmt":"2025-11-20T02:00:42","guid":{"rendered":"https:\/\/www.stg.jpnap.net\/home\/?post_type=notice_ja&#038;p=579"},"modified":"2025-11-20T11:10:31","
[2025-12-03T06:58:24+00:00] jpnap api json decode error: No error
[2025-12-03T07:20:25+00:00] jpnap api status: 200
[2025-12-03T07:20:25+00:00] jpnap api body len: 145453
[2025-12-03T07:20:25+00:00] jpnap api body head: {"0":{"id":579,"date":"2025-11-20T11:00:42","date_gmt":"2025-11-20T02:00:42","guid":{"rendered":"https:\/\/www.stg.jpnap.net\/home\/?post_type=notice_ja&#038;p=579"},"modified":"2025-11-20T11:10:31","
[2025-12-03T07:20:25+00:00] jpnap api json decode error: No error
[2025-12-03T07:58:22+00:00] jpnap api status: 200
[2025-12-03T07:58:22+00:00] jpnap api body len: 145453
[2025-12-03T07:58:22+00:00] jpnap api body head: {"0":{"id":579,"date":"2025-11-20T11:00:42","date_gmt":"2025-11-20T02:00:42","guid":{"rendered":"https:\/\/www.stg.jpnap.net\/home\/?post_type=notice_ja&#038;p=579"},"modified":"2025-11-20T11:10:31","
[2025-12-03T07:58:22+00:00] jpnap api json decode error: No error
[2025-12-03T23:19:27+00:00] jpnap api status: 200
[2025-12-03T23:19:27+00:00] jpnap api body len: 145453
[2025-12-03T23:19:27+00:00] jpnap api body head: {"0":{"id":579,"date":"2025-11-20T11:00:42","date_gmt":"2025-11-20T02:00:42","guid":{"rendered":"https:\/\/www.stg.jpnap.net\/home\/?post_type=notice_ja&#038;p=579"},"modified":"2025-11-20T11:10:31","
[2025-12-03T23:19:27+00:00] jpnap api json decode error: No error
[2025-12-15T02:58:48+00:00] jpnap api status: 200
[2025-12-15T02:58:48+00:00] jpnap api body len: 145453
[2025-12-15T02:58:48+00:00] jpnap api body head: {"0":{"id":579,"date":"2025-11-20T11:00:42","date_gmt":"2025-11-20T02:00:42","guid":{"rendered":"https:\/\/www.stg.jpnap.net\/home\/?post_type=notice_ja&#038;p=579"},"modified":"2025-11-20T11:10:31","
[2025-12-15T02:58:48+00:00] jpnap api json decode error: No error
[2025-12-15T04:09:56+00:00] jpnap api status: 200
[2025-12-15T04:09:56+00:00] jpnap api body len: 145453
[2025-12-15T04:09:56+00:00] jpnap api body head: {"0":{"id":579,"date":"2025-11-20T11:00:42","date_gmt":"2025-11-20T02:00:42","guid":{"rendered":"https:\/\/www.stg.jpnap.net\/home\/?post_type=notice_ja&#038;p=579"},"modified":"2025-11-20T11:10:31","
[2025-12-15T04:09:56+00:00] jpnap api json decode error: No error
[2025-12-15T09:34:46+00:00] jpnap api status: 200
[2025-12-15T09:34:46+00:00] jpnap api body len: 145453
[2025-12-15T09:34:46+00:00] jpnap api body head: {"0":{"id":579,"date":"2025-11-20T11:00:42","date_gmt":"2025-11-20T02:00:42","guid":{"rendered":"https:\/\/www.stg.jpnap.net\/home\/?post_type=notice_ja&#038;p=579"},"modified":"2025-11-20T11:10:31","
[2025-12-15T09:34:46+00:00] jpnap api json decode error: No error
[2025-12-15T13:21:19+00:00] jpnap api status: 200
[2025-12-15T13:21:19+00:00] jpnap api body len: 145453
[2025-12-15T13:21:19+00:00] jpnap api body head: {"0":{"id":579,"date":"2025-11-20T11:00:42","date_gmt":"2025-11-20T02:00:42","guid":{"rendered":"https:\/\/www.stg.jpnap.net\/home\/?post_type=notice_ja&#038;p=579"},"modified":"2025-11-20T11:10:31","
[2025-12-15T13:21:19+00:00] jpnap api json decode error: No error
[2025-12-16T04:28:45+00:00] jpnap api status: 200
[2025-12-16T04:28:45+00:00] jpnap api body len: 145453
[2025-12-16T04:28:45+00:00] jpnap api body head: {"0":{"id":579,"date":"2025-11-20T11:00:42","date_gmt":"2025-11-20T02:00:42","guid":{"rendered":"https:\/\/www.stg.jpnap.net\/home\/?post_type=notice_ja&#038;p=579"},"modified":"2025-11-20T11:10:31","
[2025-12-16T04:28:45+00:00] jpnap api json decode error: No error
[2025-12-16T09:16:28+00:00] jpnap api status: 200
[2025-12-16T09:16:28+00:00] jpnap api body len: 145453
[2025-12-16T09:16:28+00:00] jpnap api body head: {"0":{"id":579,"date":"2025-11-20T11:00:42","date_gmt":"2025-11-20T02:00:42","guid":{"rendered":"https:\/\/www.stg.jpnap.net\/home\/?post_type=notice_ja&#038;p=579"},"modified":"2025-11-20T11:10:31","
[2025-12-16T09:16:28+00:00] jpnap api json decode error: No error
[2025-12-17T00:47:16+00:00] jpnap api status: 200
[2025-12-17T00:47:16+00:00] jpnap api body len: 145453
[2025-12-17T00:47:16+00:00] jpnap api body head: {"0":{"id":579,"date":"2025-11-20T11:00:42","date_gmt":"2025-11-20T02:00:42","guid":{"rendered":"https:\/\/www.stg.jpnap.net\/home\/?post_type=notice_ja&#038;p=579"},"modified":"2025-11-20T11:10:31","
[2025-12-17T00:47:16+00:00] jpnap api json decode error: No error
[2025-12-17T00:47:19+00:00] jpnap api status: 200
[2025-12-17T00:47:19+00:00] jpnap api body len: 145453
[2025-12-17T00:47:19+00:00] jpnap api body head: {"0":{"id":579,"date":"2025-11-20T11:00:42","date_gmt":"2025-11-20T02:00:42","guid":{"rendered":"https:\/\/www.stg.jpnap.net\/home\/?post_type=notice_ja&#038;p=579"},"modified":"2025-11-20T11:10:31","
[2025-12-17T00:47:19+00:00] jpnap api json decode error: No error
[2025-12-18T08:04:35+00:00] jpnap api status: 200
[2025-12-18T08:04:35+00:00] jpnap api body len: 145453
[2025-12-18T08:04:35+00:00] jpnap api body head: {"0":{"id":579,"date":"2025-11-20T11:00:42","date_gmt":"2025-11-20T02:00:42","guid":{"rendered":"https:\/\/www.stg.jpnap.net\/home\/?post_type=notice_ja&#038;p=579"},"modified":"2025-11-20T11:10:31","
[2025-12-18T08:04:35+00:00] jpnap api json decode error: No error
[2025-12-18T08:36:31+00:00] jpnap api status: 200
[2025-12-18T08:36:31+00:00] jpnap api body len: 145453
[2025-12-18T08:36:31+00:00] jpnap api body head: {"0":{"id":579,"date":"2025-11-20T11:00:42","date_gmt":"2025-11-20T02:00:42","guid":{"rendered":"https:\/\/www.stg.jpnap.net\/home\/?post_type=notice_ja&#038;p=579"},"modified":"2025-11-20T11:10:31","
[2025-12-18T08:36:31+00:00] jpnap api json decode error: No error
[2025-12-18T08:39:31+00:00] jpnap api status: 200
[2025-12-18T08:39:31+00:00] jpnap api body len: 145453
[2025-12-18T08:39:31+00:00] jpnap api body head: {"0":{"id":579,"date":"2025-11-20T11:00:42","date_gmt":"2025-11-20T02:00:42","guid":{"rendered":"https:\/\/www.stg.jpnap.net\/home\/?post_type=notice_ja&#038;p=579"},"modified":"2025-11-20T11:10:31","
[2025-12-18T08:39:31+00:00] jpnap api json decode error: No error
[2025-12-18T09:05:36+00:00] jpnap api status: 200
[2025-12-18T09:05:36+00:00] jpnap api body len: 145453
[2025-12-18T09:05:36+00:00] jpnap api body head: {"0":{"id":579,"date":"2025-11-20T11:00:42","date_gmt":"2025-11-20T02:00:42","guid":{"rendered":"https:\/\/www.stg.jpnap.net\/home\/?post_type=notice_ja&#038;p=579"},"modified":"2025-11-20T11:10:31","
[2025-12-18T09:05:36+00:00] jpnap api json decode error: No error
[2025-12-18T09:05:48+00:00] jpnap api status: 200
[2025-12-18T09:05:48+00:00] jpnap api body len: 145453
[2025-12-18T09:05:48+00:00] jpnap api body head: {"0":{"id":579,"date":"2025-11-20T11:00:42","date_gmt":"2025-11-20T02:00:42","guid":{"rendered":"https:\/\/www.stg.jpnap.net\/home\/?post_type=notice_ja&#038;p=579"},"modified":"2025-11-20T11:10:31","
[2025-12-18T09:05:48+00:00] jpnap api json decode error: No error
[2025-12-19T00:37:03+00:00] jpnap api status: 200
[2025-12-19T00:37:03+00:00] jpnap api body len: 145453
[2025-12-19T00:37:03+00:00] jpnap api body head: {"0":{"id":579,"date":"2025-11-20T11:00:42","date_gmt":"2025-11-20T02:00:42","guid":{"rendered":"https:\/\/www.stg.jpnap.net\/home\/?post_type=notice_ja&#038;p=579"},"modified":"2025-11-20T11:10:31","
[2025-12-19T00:37:03+00:00] jpnap api json decode error: No error
[2025-12-19T01:50:06+00:00] jpnap api status: 200
[2025-12-19T01:50:06+00:00] jpnap api body len: 145453
[2025-12-19T01:50:06+00:00] jpnap api body head: {"0":{"id":579,"date":"2025-11-20T11:00:42","date_gmt":"2025-11-20T02:00:42","guid":{"rendered":"https:\/\/www.stg.jpnap.net\/home\/?post_type=notice_ja&#038;p=579"},"modified":"2025-11-20T11:10:31","
[2025-12-19T01:50:06+00:00] jpnap api json decode error: No error
[2025-12-19T02:01:47+00:00] jpnap api status: 200
[2025-12-19T02:01:47+00:00] jpnap api body len: 145453
[2025-12-19T02:01:47+00:00] jpnap api body head: {"0":{"id":579,"date":"2025-11-20T11:00:42","date_gmt":"2025-11-20T02:00:42","guid":{"rendered":"https:\/\/www.stg.jpnap.net\/home\/?post_type=notice_ja&#038;p=579"},"modified":"2025-11-20T11:10:31","
[2025-12-19T02:01:47+00:00] jpnap api json decode error: No error
[2025-12-19T02:02:15+00:00] jpnap api status: 200
[2025-12-19T02:02:15+00:00] jpnap api body len: 145453
[2025-12-19T02:02:15+00:00] jpnap api body head: {"0":{"id":579,"date":"2025-11-20T11:00:42","date_gmt":"2025-11-20T02:00:42","guid":{"rendered":"https:\/\/www.stg.jpnap.net\/home\/?post_type=notice_ja&#038;p=579"},"modified":"2025-11-20T11:10:31","
[2025-12-19T02:02:15+00:00] jpnap api json decode error: No error
[2025-12-19T02:03:16+00:00] jpnap api status: 200
[2025-12-19T02:03:16+00:00] jpnap api body len: 145453
[2025-12-19T02:03:16+00:00] jpnap api body head: {"0":{"id":579,"date":"2025-11-20T11:00:42","date_gmt":"2025-11-20T02:00:42","guid":{"rendered":"https:\/\/www.stg.jpnap.net\/home\/?post_type=notice_ja&#038;p=579"},"modified":"2025-11-20T11:10:31","
[2025-12-19T02:03:16+00:00] jpnap api json decode error: No error
[2025-12-19T02:04:09+00:00] jpnap api status: 200
[2025-12-19T02:04:09+00:00] jpnap api body len: 145453
[2025-12-19T02:04:09+00:00] jpnap api body head: {"0":{"id":579,"date":"2025-11-20T11:00:42","date_gmt":"2025-11-20T02:00:42","guid":{"rendered":"https:\/\/www.stg.jpnap.net\/home\/?post_type=notice_ja&#038;p=579"},"modified":"2025-11-20T11:10:31","
[2025-12-19T02:04:09+00:00] jpnap api json decode error: No error
[2025-12-19T02:04:13+00:00] jpnap api status: 200
[2025-12-19T02:04:13+00:00] jpnap api body len: 145453
[2025-12-19T02:04:13+00:00] jpnap api body head: {"0":{"id":579,"date":"2025-11-20T11:00:42","date_gmt":"2025-11-20T02:00:42","guid":{"rendered":"https:\/\/www.stg.jpnap.net\/home\/?post_type=notice_ja&#038;p=579"},"modified":"2025-11-20T11:10:31","
[2025-12-19T02:04:13+00:00] jpnap api json decode error: No error
[2025-12-19T02:04:17+00:00] jpnap api status: 200
[2025-12-19T02:04:17+00:00] jpnap api body len: 145453
[2025-12-19T02:04:17+00:00] jpnap api body head: {"0":{"id":579,"date":"2025-11-20T11:00:42","date_gmt":"2025-11-20T02:00:42","guid":{"rendered":"https:\/\/www.stg.jpnap.net\/home\/?post_type=notice_ja&#038;p=579"},"modified":"2025-11-20T11:10:31","
[2025-12-19T02:04:17+00:00] jpnap api json decode error: No error
[2025-12-19T02:06:12+00:00] jpnap api status: 200
[2025-12-19T02:06:12+00:00] jpnap api body len: 145453
[2025-12-19T02:06:12+00:00] jpnap api body head: {"0":{"id":579,"date":"2025-11-20T11:00:42","date_gmt":"2025-11-20T02:00:42","guid":{"rendered":"https:\/\/www.stg.jpnap.net\/home\/?post_type=notice_ja&#038;p=579"},"modified":"2025-11-20T11:10:31","
[2025-12-19T02:06:12+00:00] jpnap api json decode error: No error
[2025-12-19T02:06:23+00:00] jpnap api status: 200
[2025-12-19T02:06:23+00:00] jpnap api body len: 145453
[2025-12-19T02:06:23+00:00] jpnap api body head: {"0":{"id":579,"date":"2025-11-20T11:00:42","date_gmt":"2025-11-20T02:00:42","guid":{"rendered":"https:\/\/www.stg.jpnap.net\/home\/?post_type=notice_ja&#038;p=579"},"modified":"2025-11-20T11:10:31","
[2025-12-19T02:06:23+00:00] jpnap api json decode error: No error
[2025-12-19T02:06:46+00:00] jpnap api status: 200
[2025-12-19T02:06:46+00:00] jpnap api body len: 145453
[2025-12-19T02:06:46+00:00] jpnap api body head: {"0":{"id":579,"date":"2025-11-20T11:00:42","date_gmt":"2025-11-20T02:00:42","guid":{"rendered":"https:\/\/www.stg.jpnap.net\/home\/?post_type=notice_ja&#038;p=579"},"modified":"2025-11-20T11:10:31","
[2025-12-19T02:06:46+00:00] jpnap api json decode error: No error
[2025-12-19T02:06:49+00:00] jpnap api status: 200
[2025-12-19T02:06:49+00:00] jpnap api body len: 145453
[2025-12-19T02:06:49+00:00] jpnap api body head: {"0":{"id":579,"date":"2025-11-20T11:00:42","date_gmt":"2025-11-20T02:00:42","guid":{"rendered":"https:\/\/www.stg.jpnap.net\/home\/?post_type=notice_ja&#038;p=579"},"modified":"2025-11-20T11:10:31","
[2025-12-19T02:06:49+00:00] jpnap api json decode error: No error
[2025-12-19T02:14:08+00:00] jpnap api status: 200
[2025-12-19T02:14:08+00:00] jpnap api body len: 145453
[2025-12-19T02:14:08+00:00] jpnap api body head: {"0":{"id":579,"date":"2025-11-20T11:00:42","date_gmt":"2025-11-20T02:00:42","guid":{"rendered":"https:\/\/www.stg.jpnap.net\/home\/?post_type=notice_ja&#038;p=579"},"modified":"2025-11-20T11:10:31","
[2025-12-19T02:14:08+00:00] jpnap api json decode error: No error
[2025-12-19T02:18:04+00:00] jpnap api status: 200
[2025-12-19T02:18:04+00:00] jpnap api body len: 145453
[2025-12-19T02:18:04+00:00] jpnap api body head: {"0":{"id":579,"date":"2025-11-20T11:00:42","date_gmt":"2025-11-20T02:00:42","guid":{"rendered":"https:\/\/www.stg.jpnap.net\/home\/?post_type=notice_ja&#038;p=579"},"modified":"2025-11-20T11:10:31","
[2025-12-19T02:18:04+00:00] jpnap api json decode error: No error
[2025-12-19T02:18:15+00:00] jpnap api status: 200
[2025-12-19T02:18:15+00:00] jpnap api body len: 145453
[2025-12-19T02:18:15+00:00] jpnap api body head: {"0":{"id":579,"date":"2025-11-20T11:00:42","date_gmt":"2025-11-20T02:00:42","guid":{"rendered":"https:\/\/www.stg.jpnap.net\/home\/?post_type=notice_ja&#038;p=579"},"modified":"2025-11-20T11:10:31","
[2025-12-19T02:18:15+00:00] jpnap api json decode error: No error
[2025-12-19T02:18:20+00:00] jpnap api status: 200
[2025-12-19T02:18:20+00:00] jpnap api body len: 145453
[2025-12-19T02:18:20+00:00] jpnap api body head: {"0":{"id":579,"date":"2025-11-20T11:00:42","date_gmt":"2025-11-20T02:00:42","guid":{"rendered":"https:\/\/www.stg.jpnap.net\/home\/?post_type=notice_ja&#038;p=579"},"modified":"2025-11-20T11:10:31","
[2025-12-19T02:18:20+00:00] jpnap api json decode error: No error
[2025-12-19T02:18:23+00:00] jpnap api status: 200
[2025-12-19T02:18:23+00:00] jpnap api body len: 145453
[2025-12-19T02:18:23+00:00] jpnap api body head: {"0":{"id":579,"date":"2025-11-20T11:00:42","date_gmt":"2025-11-20T02:00:42","guid":{"rendered":"https:\/\/www.stg.jpnap.net\/home\/?post_type=notice_ja&#038;p=579"},"modified":"2025-11-20T11:10:31","
[2025-12-19T02:18:23+00:00] jpnap api json decode error: No error
[2025-12-19T02:18:27+00:00] jpnap api status: 200
[2025-12-19T02:18:27+00:00] jpnap api body len: 145453
[2025-12-19T02:18:27+00:00] jpnap api body head: {"0":{"id":579,"date":"2025-11-20T11:00:42","date_gmt":"2025-11-20T02:00:42","guid":{"rendered":"https:\/\/www.stg.jpnap.net\/home\/?post_type=notice_ja&#038;p=579"},"modified":"2025-11-20T11:10:31","
[2025-12-19T02:18:27+00:00] jpnap api json decode error: No error
[2025-12-19T02:26:32+00:00] jpnap api status: 200
[2025-12-19T02:26:32+00:00] jpnap api body len: 145453
[2025-12-19T02:26:32+00:00] jpnap api body head: {"0":{"id":579,"date":"2025-11-20T11:00:42","date_gmt":"2025-11-20T02:00:42","guid":{"rendered":"https:\/\/www.stg.jpnap.net\/home\/?post_type=notice_ja&#038;p=579"},"modified":"2025-11-20T11:10:31","
[2025-12-19T02:26:32+00:00] jpnap api json decode error: No error
[2025-12-19T03:01:57+00:00] jpnap api status: 200
[2025-12-19T03:01:57+00:00] jpnap api body len: 145453
[2025-12-19T03:01:57+00:00] jpnap api body head: {"0":{"id":579,"date":"2025-11-20T11:00:42","date_gmt":"2025-11-20T02:00:42","guid":{"rendered":"https:\/\/www.stg.jpnap.net\/home\/?post_type=notice_ja&#038;p=579"},"modified":"2025-11-20T11:10:31","
[2025-12-19T03:01:57+00:00] jpnap api json decode error: No error
[2025-12-19T03:02:10+00:00] jpnap api status: 200
[2025-12-19T03:02:10+00:00] jpnap api body len: 145453
[2025-12-19T03:02:10+00:00] jpnap api body head: {"0":{"id":579,"date":"2025-11-20T11:00:42","date_gmt":"2025-11-20T02:00:42","guid":{"rendered":"https:\/\/www.stg.jpnap.net\/home\/?post_type=notice_ja&#038;p=579"},"modified":"2025-11-20T11:10:31","
[2025-12-19T03:02:10+00:00] jpnap api json decode error: No error
[2025-12-19T03:03:59+00:00] jpnap api status: 200
[2025-12-19T03:03:59+00:00] jpnap api body len: 145453
[2025-12-19T03:03:59+00:00] jpnap api body head: {"0":{"id":579,"date":"2025-11-20T11:00:42","date_gmt":"2025-11-20T02:00:42","guid":{"rendered":"https:\/\/www.stg.jpnap.net\/home\/?post_type=notice_ja&#038;p=579"},"modified":"2025-11-20T11:10:31","
[2025-12-19T03:03:59+00:00] jpnap api json decode error: No error
[2025-12-19T03:21:43+00:00] jpnap api status: 200
[2025-12-19T03:21:43+00:00] jpnap api body len: 145453
[2025-12-19T03:21:43+00:00] jpnap api body head: {"0":{"id":579,"date":"2025-11-20T11:00:42","date_gmt":"2025-11-20T02:00:42","guid":{"rendered":"https:\/\/www.stg.jpnap.net\/home\/?post_type=notice_ja&#038;p=579"},"modified":"2025-11-20T11:10:31","
[2025-12-19T03:21:43+00:00] jpnap api json decode error: No error
[2025-12-19T06:02:02+00:00] jpnap api status: 200
[2025-12-19T06:02:02+00:00] jpnap api body len: 145453
[2025-12-19T06:02:02+00:00] jpnap api body head: {"0":{"id":579,"date":"2025-11-20T11:00:42","date_gmt":"2025-11-20T02:00:42","guid":{"rendered":"https:\/\/www.stg.jpnap.net\/home\/?post_type=notice_ja&#038;p=579"},"modified":"2025-11-20T11:10:31","
[2025-12-19T06:02:02+00:00] jpnap api json decode error: No error
[2025-12-19T06:02:05+00:00] jpnap api status: 200
[2025-12-19T06:02:05+00:00] jpnap api body len: 145453
[2025-12-19T06:02:05+00:00] jpnap api body head: {"0":{"id":579,"date":"2025-11-20T11:00:42","date_gmt":"2025-11-20T02:00:42","guid":{"rendered":"https:\/\/www.stg.jpnap.net\/home\/?post_type=notice_ja&#038;p=579"},"modified":"2025-11-20T11:10:31","
[2025-12-19T06:02:05+00:00] jpnap api json decode error: No error
[2025-12-19T06:02:21+00:00] jpnap api status: 200
[2025-12-19T06:02:21+00:00] jpnap api body len: 145453
[2025-12-19T06:02:21+00:00] jpnap api body head: {"0":{"id":579,"date":"2025-11-20T11:00:42","date_gmt":"2025-11-20T02:00:42","guid":{"rendered":"https:\/\/www.stg.jpnap.net\/home\/?post_type=notice_ja&#038;p=579"},"modified":"2025-11-20T11:10:31","
[2025-12-19T06:02:21+00:00] jpnap api json decode error: No error
[2025-12-19T06:03:19+00:00] jpnap api status: 200
[2025-12-19T06:03:19+00:00] jpnap api body len: 145453
[2025-12-19T06:03:19+00:00] jpnap api body head: {"0":{"id":579,"date":"2025-11-20T11:00:42","date_gmt":"2025-11-20T02:00:42","guid":{"rendered":"https:\/\/www.stg.jpnap.net\/home\/?post_type=notice_ja&#038;p=579"},"modified":"2025-11-20T11:10:31","
[2025-12-19T06:03:19+00:00] jpnap api json decode error: No error
[2025-12-19T06:20:18+00:00] jpnap api status: 200
[2025-12-19T06:20:18+00:00] jpnap api body len: 145453
[2025-12-19T06:20:18+00:00] jpnap api body head: {"0":{"id":579,"date":"2025-11-20T11:00:42","date_gmt":"2025-11-20T02:00:42","guid":{"rendered":"https:\/\/www.stg.jpnap.net\/home\/?post_type=notice_ja&#038;p=579"},"modified":"2025-11-20T11:10:31","
[2025-12-19T06:20:18+00:00] jpnap api json decode error: No error
[2025-12-19T07:04:45+00:00] jpnap api status: 200
[2025-12-19T07:04:45+00:00] jpnap api body len: 145453
[2025-12-19T07:04:45+00:00] jpnap api body head: {"0":{"id":579,"date":"2025-11-20T11:00:42","date_gmt":"2025-11-20T02:00:42","guid":{"rendered":"https:\/\/www.stg.jpnap.net\/home\/?post_type=notice_ja&#038;p=579"},"modified":"2025-11-20T11:10:31","
[2025-12-19T07:04:45+00:00] jpnap api json decode error: No error
[2025-12-19T07:04:45+00:00] jpnap api status: 200
[2025-12-19T07:04:45+00:00] jpnap api body len: 145453
[2025-12-19T07:04:45+00:00] jpnap api body head: {"0":{"id":579,"date":"2025-11-20T11:00:42","date_gmt":"2025-11-20T02:00:42","guid":{"rendered":"https:\/\/www.stg.jpnap.net\/home\/?post_type=notice_ja&#038;p=579"},"modified":"2025-11-20T11:10:31","
[2025-12-19T07:04:45+00:00] jpnap api json decode error: No error
[2025-12-19T07:05:45+00:00] jpnap api status: 200
[2025-12-19T07:05:45+00:00] jpnap api body len: 145453
[2025-12-19T07:05:45+00:00] jpnap api body head: {"0":{"id":579,"date":"2025-11-20T11:00:42","date_gmt":"2025-11-20T02:00:42","guid":{"rendered":"https:\/\/www.stg.jpnap.net\/home\/?post_type=notice_ja&#038;p=579"},"modified":"2025-11-20T11:10:31","
[2025-12-19T07:05:45+00:00] jpnap api json decode error: No error
[2025-12-19T07:05:48+00:00] jpnap api status: 200
[2025-12-19T07:05:48+00:00] jpnap api body len: 145453
[2025-12-19T07:05:48+00:00] jpnap api body head: {"0":{"id":579,"date":"2025-11-20T11:00:42","date_gmt":"2025-11-20T02:00:42","guid":{"rendered":"https:\/\/www.stg.jpnap.net\/home\/?post_type=notice_ja&#038;p=579"},"modified":"2025-11-20T11:10:31","
[2025-12-19T07:05:48+00:00] jpnap api json decode error: No error
[2025-12-19T07:23:28+00:00] jpnap api status: 200
[2025-12-19T07:23:28+00:00] jpnap api body len: 145453
[2025-12-19T07:23:28+00:00] jpnap api body head: {"0":{"id":579,"date":"2025-11-20T11:00:42","date_gmt":"2025-11-20T02:00:42","guid":{"rendered":"https:\/\/www.stg.jpnap.net\/home\/?post_type=notice_ja&#038;p=579"},"modified":"2025-11-20T11:10:31","
[2025-12-19T07:23:28+00:00] jpnap api json decode error: No error
[2025-12-19T07:40:46+00:00] jpnap api status: 200
[2025-12-19T07:40:46+00:00] jpnap api body len: 145453
[2025-12-19T07:40:46+00:00] jpnap api body head: {"0":{"id":579,"date":"2025-11-20T11:00:42","date_gmt":"2025-11-20T02:00:42","guid":{"rendered":"https:\/\/www.stg.jpnap.net\/home\/?post_type=notice_ja&#038;p=579"},"modified":"2025-11-20T11:10:31","
[2025-12-19T07:40:46+00:00] jpnap api json decode error: No error
[2025-12-19T08:23:05+00:00] jpnap api status: 200
[2025-12-19T08:23:05+00:00] jpnap api body len: 145453
[2025-12-19T08:23:05+00:00] jpnap api body head: {"0":{"id":579,"date":"2025-11-20T11:00:42","date_gmt":"2025-11-20T02:00:42","guid":{"rendered":"https:\/\/www.stg.jpnap.net\/home\/?post_type=notice_ja&#038;p=579"},"modified":"2025-11-20T11:10:31","
[2025-12-19T08:23:05+00:00] jpnap api json decode error: No error
[2025-12-19T09:05:49+00:00] jpnap api status: 200
[2025-12-19T09:05:49+00:00] jpnap api body len: 145453
[2025-12-19T09:05:49+00:00] jpnap api body head: {"0":{"id":579,"date":"2025-11-20T11:00:42","date_gmt":"2025-11-20T02:00:42","guid":{"rendered":"https:\/\/www.stg.jpnap.net\/home\/?post_type=notice_ja&#038;p=579"},"modified":"2025-11-20T11:10:31","
[2025-12-19T09:05:49+00:00] jpnap api json decode error: No error
[2025-12-19T09:06:37+00:00] jpnap api status: 200
[2025-12-19T09:06:37+00:00] jpnap api body len: 145453
[2025-12-19T09:06:37+00:00] jpnap api body head: {"0":{"id":579,"date":"2025-11-20T11:00:42","date_gmt":"2025-11-20T02:00:42","guid":{"rendered":"https:\/\/www.stg.jpnap.net\/home\/?post_type=notice_ja&#038;p=579"},"modified":"2025-11-20T11:10:31","
[2025-12-19T09:06:37+00:00] jpnap api json decode error: No error
[2025-12-19T09:08:50+00:00] jpnap api status: 200
[2025-12-19T09:08:50+00:00] jpnap api body len: 145453
[2025-12-19T09:08:50+00:00] jpnap api body head: {"0":{"id":579,"date":"2025-11-20T11:00:42","date_gmt":"2025-11-20T02:00:42","guid":{"rendered":"https:\/\/www.stg.jpnap.net\/home\/?post_type=notice_ja&#038;p=579"},"modified":"2025-11-20T11:10:31","
[2025-12-19T09:08:50+00:00] jpnap api json decode error: No error
[2025-12-19T09:18:18+00:00] jpnap api status: 200
[2025-12-19T09:18:18+00:00] jpnap api body len: 145453
[2025-12-19T09:18:18+00:00] jpnap api body head: {"0":{"id":579,"date":"2025-11-20T11:00:42","date_gmt":"2025-11-20T02:00:42","guid":{"rendered":"https:\/\/www.stg.jpnap.net\/home\/?post_type=notice_ja&#038;p=579"},"modified":"2025-11-20T11:10:31","
[2025-12-19T09:18:18+00:00] jpnap api json decode error: No error
[2025-12-19T09:23:35+00:00] jpnap api status: 200
[2025-12-19T09:23:35+00:00] jpnap api body len: 145453
[2025-12-19T09:23:35+00:00] jpnap api body head: {"0":{"id":579,"date":"2025-11-20T11:00:42","date_gmt":"2025-11-20T02:00:42","guid":{"rendered":"https:\/\/www.stg.jpnap.net\/home\/?post_type=notice_ja&#038;p=579"},"modified":"2025-11-20T11:10:31","
[2025-12-19T09:23:35+00:00] jpnap api json decode error: No error
[2025-12-19T09:23:35+00:00] jpnap api status: 200
[2025-12-19T09:23:35+00:00] jpnap api body len: 145453
[2025-12-19T09:23:35+00:00] jpnap api body head: {"0":{"id":579,"date":"2025-11-20T11:00:42","date_gmt":"2025-11-20T02:00:42","guid":{"rendered":"https:\/\/www.stg.jpnap.net\/home\/?post_type=notice_ja&#038;p=579"},"modified":"2025-11-20T11:10:31","
[2025-12-19T09:23:35+00:00] jpnap api json decode error: No error
[2025-12-19T09:41:58+00:00] jpnap api status: 200
[2025-12-19T09:41:58+00:00] jpnap api body len: 145453
[2025-12-19T09:41:58+00:00] jpnap api body head: {"0":{"id":579,"date":"2025-11-20T11:00:42","date_gmt":"2025-11-20T02:00:42","guid":{"rendered":"https:\/\/www.stg.jpnap.net\/home\/?post_type=notice_ja&#038;p=579"},"modified":"2025-11-20T11:10:31","
[2025-12-19T09:41:58+00:00] jpnap api json decode error: No error
[2025-12-19T09:41:59+00:00] jpnap api status: 200
[2025-12-19T09:41:59+00:00] jpnap api body len: 145453
[2025-12-19T09:41:59+00:00] jpnap api body head: {"0":{"id":579,"date":"2025-11-20T11:00:42","date_gmt":"2025-11-20T02:00:42","guid":{"rendered":"https:\/\/www.stg.jpnap.net\/home\/?post_type=notice_ja&#038;p=579"},"modified":"2025-11-20T11:10:31","
[2025-12-19T09:41:59+00:00] jpnap api json decode error: No error
[2025-12-21T05:47:44+00:00] jpnap api status: 200
[2025-12-21T05:47:44+00:00] jpnap api body len: 145453
[2025-12-21T05:47:44+00:00] jpnap api body head: {"0":{"id":579,"date":"2025-11-20T11:00:42","date_gmt":"2025-11-20T02:00:42","guid":{"rendered":"https:\/\/www.stg.jpnap.net\/home\/?post_type=notice_ja&#038;p=579"},"modified":"2025-11-20T11:10:31","
[2025-12-21T05:47:44+00:00] jpnap api json decode error: No error
[2025-12-22T00:27:19+00:00] jpnap api status: 200
[2025-12-22T00:27:19+00:00] jpnap api body len: 145453
[2025-12-22T00:27:19+00:00] jpnap api body head: {"0":{"id":579,"date":"2025-11-20T11:00:42","date_gmt":"2025-11-20T02:00:42","guid":{"rendered":"https:\/\/www.stg.jpnap.net\/home\/?post_type=notice_ja&#038;p=579"},"modified":"2025-11-20T11:10:31","
[2025-12-22T00:27:19+00:00] jpnap api json decode error: No error
[2025-12-22T00:31:39+00:00] jpnap api status: 200
[2025-12-22T00:31:39+00:00] jpnap api body len: 145453
[2025-12-22T00:31:39+00:00] jpnap api body head: {"0":{"id":579,"date":"2025-11-20T11:00:42","date_gmt":"2025-11-20T02:00:42","guid":{"rendered":"https:\/\/www.stg.jpnap.net\/home\/?post_type=notice_ja&#038;p=579"},"modified":"2025-11-20T11:10:31","
[2025-12-22T00:31:39+00:00] jpnap api json decode error: No error
[2025-12-22T04:13:29+00:00] jpnap api status: 200
[2025-12-22T04:13:29+00:00] jpnap api body len: 145453
[2025-12-22T04:13:29+00:00] jpnap api body head: {"0":{"id":579,"date":"2025-11-20T11:00:42","date_gmt":"2025-11-20T02:00:42","guid":{"rendered":"https:\/\/www.stg.jpnap.net\/home\/?post_type=notice_ja&#038;p=579"},"modified":"2025-11-20T11:10:31","
[2025-12-22T04:13:29+00:00] jpnap api json decode error: No error
[2025-12-22T04:31:28+00:00] jpnap api status: 200
[2025-12-22T04:31:28+00:00] jpnap api body len: 145453
[2025-12-22T04:31:28+00:00] jpnap api body head: {"0":{"id":579,"date":"2025-11-20T11:00:42","date_gmt":"2025-11-20T02:00:42","guid":{"rendered":"https:\/\/www.stg.jpnap.net\/home\/?post_type=notice_ja&#038;p=579"},"modified":"2025-11-20T11:10:31","
[2025-12-22T04:31:28+00:00] jpnap api json decode error: No error
[2025-12-23T00:59:10+00:00] jpnap api status: 200
[2025-12-23T00:59:10+00:00] jpnap api body len: 145453
[2025-12-23T00:59:10+00:00] jpnap api body head: {"0":{"id":579,"date":"2025-11-20T11:00:42","date_gmt":"2025-11-20T02:00:42","guid":{"rendered":"https:\/\/www.stg.jpnap.net\/home\/?post_type=notice_ja&#038;p=579"},"modified":"2025-11-20T11:10:31","
[2025-12-23T00:59:10+00:00] jpnap api json decode error: No error
[2025-12-23T02:12:26+00:00] jpnap api status: 200
[2025-12-23T02:12:26+00:00] jpnap api body len: 145453
[2025-12-23T02:12:26+00:00] jpnap api body head: {"0":{"id":579,"date":"2025-11-20T11:00:42","date_gmt":"2025-11-20T02:00:42","guid":{"rendered":"https:\/\/www.stg.jpnap.net\/home\/?post_type=notice_ja&#038;p=579"},"modified":"2025-11-20T11:10:31","
[2025-12-23T02:12:26+00:00] jpnap api json decode error: No error
[2025-12-23T02:52:49+00:00] jpnap api status: 200
[2025-12-23T02:52:49+00:00] jpnap api body len: 145453
[2025-12-23T02:52:49+00:00] jpnap api body head: {"0":{"id":579,"date":"2025-11-20T11:00:42","date_gmt":"2025-11-20T02:00:42","guid":{"rendered":"https:\/\/www.stg.jpnap.net\/home\/?post_type=notice_ja&#038;p=579"},"modified":"2025-11-20T11:10:31","
[2025-12-23T02:52:49+00:00] jpnap api json decode error: No error
[2025-12-23T02:52:58+00:00] jpnap api status: 200
[2025-12-23T02:52:58+00:00] jpnap api body len: 145453
[2025-12-23T02:52:58+00:00] jpnap api body head: {"0":{"id":579,"date":"2025-11-20T11:00:42","date_gmt":"2025-11-20T02:00:42","guid":{"rendered":"https:\/\/www.stg.jpnap.net\/home\/?post_type=notice_ja&#038;p=579"},"modified":"2025-11-20T11:10:31","
[2025-12-23T02:52:58+00:00] jpnap api json decode error: No error
[2025-12-23T03:01:02+00:00] jpnap api status: 200
[2025-12-23T03:01:02+00:00] jpnap api body len: 145453
[2025-12-23T03:01:02+00:00] jpnap api body head: {"0":{"id":579,"date":"2025-11-20T11:00:42","date_gmt":"2025-11-20T02:00:42","guid":{"rendered":"https:\/\/www.stg.jpnap.net\/home\/?post_type=notice_ja&#038;p=579"},"modified":"2025-11-20T11:10:31","
[2025-12-23T03:01:02+00:00] jpnap api json decode error: No error
[2025-12-23T05:36:45+00:00] jpnap api status: 200
[2025-12-23T05:36:45+00:00] jpnap api body len: 145453
[2025-12-23T05:36:45+00:00] jpnap api body head: {"0":{"id":579,"date":"2025-11-20T11:00:42","date_gmt":"2025-11-20T02:00:42","guid":{"rendered":"https:\/\/www.stg.jpnap.net\/home\/?post_type=notice_ja&#038;p=579"},"modified":"2025-11-20T11:10:31","
[2025-12-23T05:36:45+00:00] jpnap api json decode error: No error
[2025-12-23T05:47:31+00:00] jpnap api status: 200
[2025-12-23T05:47:31+00:00] jpnap api body len: 145453
[2025-12-23T05:47:31+00:00] jpnap api body head: {"0":{"id":579,"date":"2025-11-20T11:00:42","date_gmt":"2025-11-20T02:00:42","guid":{"rendered":"https:\/\/www.stg.jpnap.net\/home\/?post_type=notice_ja&#038;p=579"},"modified":"2025-11-20T11:10:31","
[2025-12-23T05:47:31+00:00] jpnap api json decode error: No error
[2025-12-23T06:25:27+00:00] jpnap api status: 200
[2025-12-23T06:25:27+00:00] jpnap api body len: 145453
[2025-12-23T06:25:27+00:00] jpnap api body head: {"0":{"id":579,"date":"2025-11-20T11:00:42","date_gmt":"2025-11-20T02:00:42","guid":{"rendered":"https:\/\/www.stg.jpnap.net\/home\/?post_type=notice_ja&#038;p=579"},"modified":"2025-11-20T11:10:31","
[2025-12-23T06:25:27+00:00] jpnap api json decode error: No error
[2025-12-23T07:05:45+00:00] jpnap api status: 200
[2025-12-23T07:05:45+00:00] jpnap api body len: 145453
[2025-12-23T07:05:45+00:00] jpnap api body head: {"0":{"id":579,"date":"2025-11-20T11:00:42","date_gmt":"2025-11-20T02:00:42","guid":{"rendered":"https:\/\/www.stg.jpnap.net\/home\/?post_type=notice_ja&#038;p=579"},"modified":"2025-11-20T11:10:31","
[2025-12-23T07:05:45+00:00] jpnap api json decode error: No error
[2025-12-23T07:48:12+00:00] jpnap api status: 200
[2025-12-23T07:48:12+00:00] jpnap api body len: 145453
[2025-12-23T07:48:12+00:00] jpnap api body head: {"0":{"id":579,"date":"2025-11-20T11:00:42","date_gmt":"2025-11-20T02:00:42","guid":{"rendered":"https:\/\/www.stg.jpnap.net\/home\/?post_type=notice_ja&#038;p=579"},"modified":"2025-11-20T11:10:31","
[2025-12-23T07:48:12+00:00] jpnap api json decode error: No error
[2025-12-23T07:49:05+00:00] jpnap api status: 200
[2025-12-23T07:49:05+00:00] jpnap api body len: 145453
[2025-12-23T07:49:05+00:00] jpnap api body head: {"0":{"id":579,"date":"2025-11-20T11:00:42","date_gmt":"2025-11-20T02:00:42","guid":{"rendered":"https:\/\/www.stg.jpnap.net\/home\/?post_type=notice_ja&#038;p=579"},"modified":"2025-11-20T11:10:31","
[2025-12-23T07:49:05+00:00] jpnap api json decode error: No error
[2025-12-23T07:51:23+00:00] jpnap api status: 200
[2025-12-23T07:51:23+00:00] jpnap api body len: 145453
[2025-12-23T07:51:23+00:00] jpnap api body head: {"0":{"id":579,"date":"2025-11-20T11:00:42","date_gmt":"2025-11-20T02:00:42","guid":{"rendered":"https:\/\/www.stg.jpnap.net\/home\/?post_type=notice_ja&#038;p=579"},"modified":"2025-11-20T11:10:31","
[2025-12-23T07:51:23+00:00] jpnap api json decode error: No error
[2025-12-23T08:49:27+00:00] jpnap api status: 200
[2025-12-23T08:49:27+00:00] jpnap api body len: 145453
[2025-12-23T08:49:27+00:00] jpnap api body head: {"0":{"id":579,"date":"2025-11-20T11:00:42","date_gmt":"2025-11-20T02:00:42","guid":{"rendered":"https:\/\/www.stg.jpnap.net\/home\/?post_type=notice_ja&#038;p=579"},"modified":"2025-11-20T11:10:31","
[2025-12-23T08:49:27+00:00] jpnap api json decode error: No error
[2025-12-24T00:35:27+00:00] jpnap api status: 200
[2025-12-24T00:35:27+00:00] jpnap api body len: 145453
[2025-12-24T00:35:27+00:00] jpnap api body head: {"0":{"id":579,"date":"2025-11-20T11:00:42","date_gmt":"2025-11-20T02:00:42","guid":{"rendered":"https:\/\/www.stg.jpnap.net\/home\/?post_type=notice_ja&#038;p=579"},"modified":"2025-11-20T11:10:31","
[2025-12-24T00:35:27+00:00] jpnap api json decode error: No error
[2025-12-24T00:37:31+00:00] jpnap api status: 200
[2025-12-24T00:37:31+00:00] jpnap api body len: 145453
[2025-12-24T00:37:31+00:00] jpnap api body head: {"0":{"id":579,"date":"2025-11-20T11:00:42","date_gmt":"2025-11-20T02:00:42","guid":{"rendered":"https:\/\/www.stg.jpnap.net\/home\/?post_type=notice_ja&#038;p=579"},"modified":"2025-11-20T11:10:31","
[2025-12-24T00:37:31+00:00] jpnap api json decode error: No error
[2025-12-24T00:38:16+00:00] jpnap api status: 200
[2025-12-24T00:38:16+00:00] jpnap api body len: 145453
[2025-12-24T00:38:16+00:00] jpnap api body head: {"0":{"id":579,"date":"2025-11-20T11:00:42","date_gmt":"2025-11-20T02:00:42","guid":{"rendered":"https:\/\/www.stg.jpnap.net\/home\/?post_type=notice_ja&#038;p=579"},"modified":"2025-11-20T11:10:31","
[2025-12-24T00:38:16+00:00] jpnap api json decode error: No error
[2025-12-24T00:38:22+00:00] jpnap api status: 200
[2025-12-24T00:38:22+00:00] jpnap api body len: 145453
[2025-12-24T00:38:22+00:00] jpnap api body head: {"0":{"id":579,"date":"2025-11-20T11:00:42","date_gmt":"2025-11-20T02:00:42","guid":{"rendered":"https:\/\/www.stg.jpnap.net\/home\/?post_type=notice_ja&#038;p=579"},"modified":"2025-11-20T11:10:31","
[2025-12-24T00:38:22+00:00] jpnap api json decode error: No error
[2025-12-24T01:41:17+00:00] jpnap api status: 200
[2025-12-24T01:41:17+00:00] jpnap api body len: 145453
[2025-12-24T01:41:17+00:00] jpnap api body head: {"0":{"id":579,"date":"2025-11-20T11:00:42","date_gmt":"2025-11-20T02:00:42","guid":{"rendered":"https:\/\/www.stg.jpnap.net\/home\/?post_type=notice_ja&#038;p=579"},"modified":"2025-11-20T11:10:31","
[2025-12-24T01:41:17+00:00] jpnap api json decode error: No error
[2025-12-24T01:48:24+00:00] jpnap api status: 200
[2025-12-24T01:48:24+00:00] jpnap api body len: 145453
[2025-12-24T01:48:24+00:00] jpnap api body head: {"0":{"id":579,"date":"2025-11-20T11:00:42","date_gmt":"2025-11-20T02:00:42","guid":{"rendered":"https:\/\/www.stg.jpnap.net\/home\/?post_type=notice_ja&#038;p=579"},"modified":"2025-11-20T11:10:31","
[2025-12-24T01:48:24+00:00] jpnap api json decode error: No error
[2025-12-24T01:48:24+00:00] jpnap api status: 200
[2025-12-24T01:48:24+00:00] jpnap api body len: 145453
[2025-12-24T01:48:24+00:00] jpnap api body head: {"0":{"id":579,"date":"2025-11-20T11:00:42","date_gmt":"2025-11-20T02:00:42","guid":{"rendered":"https:\/\/www.stg.jpnap.net\/home\/?post_type=notice_ja&#038;p=579"},"modified":"2025-11-20T11:10:31","
[2025-12-24T01:48:24+00:00] jpnap api json decode error: No error
[2025-12-24T01:54:51+00:00] jpnap api status: 200
[2025-12-24T01:54:51+00:00] jpnap api body len: 145453
[2025-12-24T01:54:51+00:00] jpnap api body head: {"0":{"id":579,"date":"2025-11-20T11:00:42","date_gmt":"2025-11-20T02:00:42","guid":{"rendered":"https:\/\/www.stg.jpnap.net\/home\/?post_type=notice_ja&#038;p=579"},"modified":"2025-11-20T11:10:31","
[2025-12-24T01:54:51+00:00] jpnap api json decode error: No error
[2025-12-24T01:55:13+00:00] jpnap api status: 200
[2025-12-24T01:55:13+00:00] jpnap api body len: 145453
[2025-12-24T01:55:13+00:00] jpnap api body head: {"0":{"id":579,"date":"2025-11-20T11:00:42","date_gmt":"2025-11-20T02:00:42","guid":{"rendered":"https:\/\/www.stg.jpnap.net\/home\/?post_type=notice_ja&#038;p=579"},"modified":"2025-11-20T11:10:31","
[2025-12-24T01:55:13+00:00] jpnap api json decode error: No error
[2025-12-24T02:32:55+00:00] jpnap api status: 200
[2025-12-24T02:32:55+00:00] jpnap api body len: 145453
[2025-12-24T02:32:55+00:00] jpnap api body head: {"0":{"id":579,"date":"2025-11-20T11:00:42","date_gmt":"2025-11-20T02:00:42","guid":{"rendered":"https:\/\/www.stg.jpnap.net\/home\/?post_type=notice_ja&#038;p=579"},"modified":"2025-11-20T11:10:31","
[2025-12-24T02:32:55+00:00] jpnap api json decode error: No error
[2025-12-24T02:51:17+00:00] jpnap api status: 200
[2025-12-24T02:51:17+00:00] jpnap api body len: 145453
[2025-12-24T02:51:17+00:00] jpnap api body head: {"0":{"id":579,"date":"2025-11-20T11:00:42","date_gmt":"2025-11-20T02:00:42","guid":{"rendered":"https:\/\/www.stg.jpnap.net\/home\/?post_type=notice_ja&#038;p=579"},"modified":"2025-11-20T11:10:31","
[2025-12-24T02:51:17+00:00] jpnap api json decode error: No error
[2025-12-24T03:27:40+00:00] jpnap api status: 200
[2025-12-24T03:27:40+00:00] jpnap api body len: 145453
[2025-12-24T03:27:40+00:00] jpnap api body head: {"0":{"id":579,"date":"2025-11-20T11:00:42","date_gmt":"2025-11-20T02:00:42","guid":{"rendered":"https:\/\/www.stg.jpnap.net\/home\/?post_type=notice_ja&#038;p=579"},"modified":"2025-11-20T11:10:31","
[2025-12-24T03:27:40+00:00] jpnap api json decode error: No error
[2025-12-24T03:47:21+00:00] jpnap api status: 200
[2025-12-24T03:47:21+00:00] jpnap api body len: 145453
[2025-12-24T03:47:21+00:00] jpnap api body head: {"0":{"id":579,"date":"2025-11-20T11:00:42","date_gmt":"2025-11-20T02:00:42","guid":{"rendered":"https:\/\/www.stg.jpnap.net\/home\/?post_type=notice_ja&#038;p=579"},"modified":"2025-11-20T11:10:31","
[2025-12-24T03:47:21+00:00] jpnap api json decode error: No error
[2025-12-24T03:48:37+00:00] jpnap api status: 200
[2025-12-24T03:48:37+00:00] jpnap api body len: 145453
[2025-12-24T03:48:37+00:00] jpnap api body head: {"0":{"id":579,"date":"2025-11-20T11:00:42","date_gmt":"2025-11-20T02:00:42","guid":{"rendered":"https:\/\/www.stg.jpnap.net\/home\/?post_type=notice_ja&#038;p=579"},"modified":"2025-11-20T11:10:31","
[2025-12-24T03:48:37+00:00] jpnap api json decode error: No error
[2025-12-24T03:49:25+00:00] jpnap api status: 200
[2025-12-24T03:49:25+00:00] jpnap api body len: 145453
[2025-12-24T03:49:25+00:00] jpnap api body head: {"0":{"id":579,"date":"2025-11-20T11:00:42","date_gmt":"2025-11-20T02:00:42","guid":{"rendered":"https:\/\/www.stg.jpnap.net\/home\/?post_type=notice_ja&#038;p=579"},"modified":"2025-11-20T11:10:31","
[2025-12-24T03:49:25+00:00] jpnap api json decode error: No error
[2025-12-24T03:54:12+00:00] jpnap api status: 200
[2025-12-24T03:54:12+00:00] jpnap api body len: 145453
[2025-12-24T03:54:12+00:00] jpnap api body head: {"0":{"id":579,"date":"2025-11-20T11:00:42","date_gmt":"2025-11-20T02:00:42","guid":{"rendered":"https:\/\/www.stg.jpnap.net\/home\/?post_type=notice_ja&#038;p=579"},"modified":"2025-11-20T11:10:31","
[2025-12-24T03:54:12+00:00] jpnap api json decode error: No error
[2025-12-24T06:36:52+00:00] jpnap api status: 200
[2025-12-24T06:36:52+00:00] jpnap api body len: 145453
[2025-12-24T06:36:52+00:00] jpnap api body head: {"0":{"id":579,"date":"2025-11-20T11:00:42","date_gmt":"2025-11-20T02:00:42","guid":{"rendered":"https:\/\/www.stg.jpnap.net\/home\/?post_type=notice_ja&#038;p=579"},"modified":"2025-11-20T11:10:31","
[2025-12-24T06:36:52+00:00] jpnap api json decode error: No error
[2025-12-24T07:34:26+00:00] jpnap api status: 200
[2025-12-24T07:34:26+00:00] jpnap api body len: 145453
[2025-12-24T07:34:26+00:00] jpnap api body head: {"0":{"id":579,"date":"2025-11-20T11:00:42","date_gmt":"2025-11-20T02:00:42","guid":{"rendered":"https:\/\/www.stg.jpnap.net\/home\/?post_type=notice_ja&#038;p=579"},"modified":"2025-11-20T11:10:31","
[2025-12-24T07:34:26+00:00] jpnap api json decode error: No error
[2025-12-25T00:44:59+00:00] jpnap api status: 200
[2025-12-25T00:44:59+00:00] jpnap api body len: 145453
[2025-12-25T00:44:59+00:00] jpnap api body head: {"0":{"id":579,"date":"2025-11-20T11:00:42","date_gmt":"2025-11-20T02:00:42","guid":{"rendered":"https:\/\/www.stg.jpnap.net\/home\/?post_type=notice_ja&#038;p=579"},"modified":"2025-11-20T11:10:31","
[2025-12-25T00:44:59+00:00] jpnap api json decode error: No error
[2025-12-25T00:46:18+00:00] jpnap api status: 200
[2025-12-25T00:46:18+00:00] jpnap api body len: 145453
[2025-12-25T00:46:18+00:00] jpnap api body head: {"0":{"id":579,"date":"2025-11-20T11:00:42","date_gmt":"2025-11-20T02:00:42","guid":{"rendered":"https:\/\/www.stg.jpnap.net\/home\/?post_type=notice_ja&#038;p=579"},"modified":"2025-11-20T11:10:31","
[2025-12-25T00:46:18+00:00] jpnap api json decode error: No error
[2025-12-25T00:46:48+00:00] jpnap api status: 200
[2025-12-25T00:46:48+00:00] jpnap api body len: 145453
[2025-12-25T00:46:48+00:00] jpnap api body head: {"0":{"id":579,"date":"2025-11-20T11:00:42","date_gmt":"2025-11-20T02:00:42","guid":{"rendered":"https:\/\/www.stg.jpnap.net\/home\/?post_type=notice_ja&#038;p=579"},"modified":"2025-11-20T11:10:31","
[2025-12-25T00:46:48+00:00] jpnap api json decode error: No error
[2025-12-25T00:57:28+00:00] jpnap api status: 200
[2025-12-25T00:57:28+00:00] jpnap api body len: 145453
[2025-12-25T00:57:28+00:00] jpnap api body head: {"0":{"id":579,"date":"2025-11-20T11:00:42","date_gmt":"2025-11-20T02:00:42","guid":{"rendered":"https:\/\/www.stg.jpnap.net\/home\/?post_type=notice_ja&#038;p=579"},"modified":"2025-11-20T11:10:31","
[2025-12-25T00:57:28+00:00] jpnap api json decode error: No error
[2025-12-25T00:57:36+00:00] jpnap api status: 200
[2025-12-25T00:57:36+00:00] jpnap api body len: 145453
[2025-12-25T00:57:36+00:00] jpnap api body head: {"0":{"id":579,"date":"2025-11-20T11:00:42","date_gmt":"2025-11-20T02:00:42","guid":{"rendered":"https:\/\/www.stg.jpnap.net\/home\/?post_type=notice_ja&#038;p=579"},"modified":"2025-11-20T11:10:31","
[2025-12-25T00:57:36+00:00] jpnap api json decode error: No error
[2025-12-25T00:57:39+00:00] jpnap api status: 200
[2025-12-25T00:57:39+00:00] jpnap api body len: 145453
[2025-12-25T00:57:39+00:00] jpnap api body head: {"0":{"id":579,"date":"2025-11-20T11:00:42","date_gmt":"2025-11-20T02:00:42","guid":{"rendered":"https:\/\/www.stg.jpnap.net\/home\/?post_type=notice_ja&#038;p=579"},"modified":"2025-11-20T11:10:31","
[2025-12-25T00:57:39+00:00] jpnap api json decode error: No error
[2025-12-25T00:57:40+00:00] jpnap api status: 200
[2025-12-25T00:57:40+00:00] jpnap api body len: 145453
[2025-12-25T00:57:40+00:00] jpnap api body head: {"0":{"id":579,"date":"2025-11-20T11:00:42","date_gmt":"2025-11-20T02:00:42","guid":{"rendered":"https:\/\/www.stg.jpnap.net\/home\/?post_type=notice_ja&#038;p=579"},"modified":"2025-11-20T11:10:31","
[2025-12-25T00:57:40+00:00] jpnap api json decode error: No error
[2025-12-25T00:57:40+00:00] jpnap api status: 200
[2025-12-25T00:57:40+00:00] jpnap api body len: 145453
[2025-12-25T00:57:40+00:00] jpnap api body head: {"0":{"id":579,"date":"2025-11-20T11:00:42","date_gmt":"2025-11-20T02:00:42","guid":{"rendered":"https:\/\/www.stg.jpnap.net\/home\/?post_type=notice_ja&#038;p=579"},"modified":"2025-11-20T11:10:31","
[2025-12-25T00:57:40+00:00] jpnap api json decode error: No error
[2025-12-25T00:57:40+00:00] jpnap api status: 200
[2025-12-25T00:57:40+00:00] jpnap api body len: 145453
[2025-12-25T00:57:40+00:00] jpnap api body head: {"0":{"id":579,"date":"2025-11-20T11:00:42","date_gmt":"2025-11-20T02:00:42","guid":{"rendered":"https:\/\/www.stg.jpnap.net\/home\/?post_type=notice_ja&#038;p=579"},"modified":"2025-11-20T11:10:31","
[2025-12-25T00:57:40+00:00] jpnap api json decode error: No error
[2025-12-25T00:57:40+00:00] jpnap api status: 200
[2025-12-25T00:57:40+00:00] jpnap api body len: 145453
[2025-12-25T00:57:40+00:00] jpnap api body head: {"0":{"id":579,"date":"2025-11-20T11:00:42","date_gmt":"2025-11-20T02:00:42","guid":{"rendered":"https:\/\/www.stg.jpnap.net\/home\/?post_type=notice_ja&#038;p=579"},"modified":"2025-11-20T11:10:31","
[2025-12-25T00:57:40+00:00] jpnap api json decode error: No error
[2025-12-25T00:57:43+00:00] jpnap api status: 200
[2025-12-25T00:57:43+00:00] jpnap api body len: 145453
[2025-12-25T00:57:43+00:00] jpnap api body head: {"0":{"id":579,"date":"2025-11-20T11:00:42","date_gmt":"2025-11-20T02:00:42","guid":{"rendered":"https:\/\/www.stg.jpnap.net\/home\/?post_type=notice_ja&#038;p=579"},"modified":"2025-11-20T11:10:31","
[2025-12-25T00:57:43+00:00] jpnap api json decode error: No error
[2025-12-25T00:58:27+00:00] jpnap api status: 200
[2025-12-25T00:58:27+00:00] jpnap api body len: 145453
[2025-12-25T00:58:27+00:00] jpnap api body head: {"0":{"id":579,"date":"2025-11-20T11:00:42","date_gmt":"2025-11-20T02:00:42","guid":{"rendered":"https:\/\/www.stg.jpnap.net\/home\/?post_type=notice_ja&#038;p=579"},"modified":"2025-11-20T11:10:31","
[2025-12-25T00:58:27+00:00] jpnap api json decode error: No error
[2025-12-25T00:58:30+00:00] jpnap api status: 200
[2025-12-25T00:58:30+00:00] jpnap api body len: 145453
[2025-12-25T00:58:30+00:00] jpnap api body head: {"0":{"id":579,"date":"2025-11-20T11:00:42","date_gmt":"2025-11-20T02:00:42","guid":{"rendered":"https:\/\/www.stg.jpnap.net\/home\/?post_type=notice_ja&#038;p=579"},"modified":"2025-11-20T11:10:31","
[2025-12-25T00:58:30+00:00] jpnap api json decode error: No error
[2025-12-25T00:58:30+00:00] jpnap api status: 200
[2025-12-25T00:58:30+00:00] jpnap api body len: 145453
[2025-12-25T00:58:30+00:00] jpnap api body head: {"0":{"id":579,"date":"2025-11-20T11:00:42","date_gmt":"2025-11-20T02:00:42","guid":{"rendered":"https:\/\/www.stg.jpnap.net\/home\/?post_type=notice_ja&#038;p=579"},"modified":"2025-11-20T11:10:31","
[2025-12-25T00:58:30+00:00] jpnap api json decode error: No error
[2025-12-25T00:58:30+00:00] jpnap api status: 200
[2025-12-25T00:58:30+00:00] jpnap api body len: 145453
[2025-12-25T00:58:30+00:00] jpnap api body head: {"0":{"id":579,"date":"2025-11-20T11:00:42","date_gmt":"2025-11-20T02:00:42","guid":{"rendered":"https:\/\/www.stg.jpnap.net\/home\/?post_type=notice_ja&#038;p=579"},"modified":"2025-11-20T11:10:31","
[2025-12-25T00:58:30+00:00] jpnap api json decode error: No error
[2025-12-25T00:58:30+00:00] jpnap api status: 200
[2025-12-25T00:58:30+00:00] jpnap api body len: 145453
[2025-12-25T00:58:30+00:00] jpnap api body head: {"0":{"id":579,"date":"2025-11-20T11:00:42","date_gmt":"2025-11-20T02:00:42","guid":{"rendered":"https:\/\/www.stg.jpnap.net\/home\/?post_type=notice_ja&#038;p=579"},"modified":"2025-11-20T11:10:31","
[2025-12-25T00:58:30+00:00] jpnap api json decode error: No error
[2025-12-25T00:58:30+00:00] jpnap api status: 200
[2025-12-25T00:58:30+00:00] jpnap api body len: 145453
[2025-12-25T00:58:30+00:00] jpnap api body head: {"0":{"id":579,"date":"2025-11-20T11:00:42","date_gmt":"2025-11-20T02:00:42","guid":{"rendered":"https:\/\/www.stg.jpnap.net\/home\/?post_type=notice_ja&#038;p=579"},"modified":"2025-11-20T11:10:31","
[2025-12-25T00:58:30+00:00] jpnap api json decode error: No error
[2025-12-25T00:58:36+00:00] jpnap api status: 200
[2025-12-25T00:58:36+00:00] jpnap api body len: 145453
[2025-12-25T00:58:36+00:00] jpnap api body head: {"0":{"id":579,"date":"2025-11-20T11:00:42","date_gmt":"2025-11-20T02:00:42","guid":{"rendered":"https:\/\/www.stg.jpnap.net\/home\/?post_type=notice_ja&#038;p=579"},"modified":"2025-11-20T11:10:31","
[2025-12-25T00:58:36+00:00] jpnap api json decode error: No error
[2025-12-25T00:58:42+00:00] jpnap api status: 200
[2025-12-25T00:58:42+00:00] jpnap api body len: 145453
[2025-12-25T00:58:42+00:00] jpnap api body head: {"0":{"id":579,"date":"2025-11-20T11:00:42","date_gmt":"2025-11-20T02:00:42","guid":{"rendered":"https:\/\/www.stg.jpnap.net\/home\/?post_type=notice_ja&#038;p=579"},"modified":"2025-11-20T11:10:31","
[2025-12-25T00:58:42+00:00] jpnap api json decode error: No error
[2025-12-25T01:06:41+00:00] jpnap api status: 200
[2025-12-25T01:06:41+00:00] jpnap api body len: 145453
[2025-12-25T01:06:41+00:00] jpnap api body head: {"0":{"id":579,"date":"2025-11-20T11:00:42","date_gmt":"2025-11-20T02:00:42","guid":{"rendered":"https:\/\/www.stg.jpnap.net\/home\/?post_type=notice_ja&#038;p=579"},"modified":"2025-11-20T11:10:31","
[2025-12-25T01:06:41+00:00] jpnap api json decode error: No error
[2025-12-25T01:06:41+00:00] jpnap api status: 200
[2025-12-25T01:06:41+00:00] jpnap api body len: 145453
[2025-12-25T01:06:41+00:00] jpnap api body head: {"0":{"id":579,"date":"2025-11-20T11:00:42","date_gmt":"2025-11-20T02:00:42","guid":{"rendered":"https:\/\/www.stg.jpnap.net\/home\/?post_type=notice_ja&#038;p=579"},"modified":"2025-11-20T11:10:31","
[2025-12-25T01:06:41+00:00] jpnap api json decode error: No error
[2025-12-25T01:06:55+00:00] jpnap api status: 200
[2025-12-25T01:06:55+00:00] jpnap api body len: 145453
[2025-12-25T01:06:55+00:00] jpnap api body head: {"0":{"id":579,"date":"2025-11-20T11:00:42","date_gmt":"2025-11-20T02:00:42","guid":{"rendered":"https:\/\/www.stg.jpnap.net\/home\/?post_type=notice_ja&#038;p=579"},"modified":"2025-11-20T11:10:31","
[2025-12-25T01:06:55+00:00] jpnap api json decode error: No error
[2025-12-25T01:07:07+00:00] jpnap api status: 200
[2025-12-25T01:07:07+00:00] jpnap api body len: 145453
[2025-12-25T01:07:07+00:00] jpnap api body head: {"0":{"id":579,"date":"2025-11-20T11:00:42","date_gmt":"2025-11-20T02:00:42","guid":{"rendered":"https:\/\/www.stg.jpnap.net\/home\/?post_type=notice_ja&#038;p=579"},"modified":"2025-11-20T11:10:31","
[2025-12-25T01:07:07+00:00] jpnap api json decode error: No error
[2025-12-25T01:07:07+00:00] jpnap api status: 200
[2025-12-25T01:07:07+00:00] jpnap api body len: 145453
[2025-12-25T01:07:07+00:00] jpnap api body head: {"0":{"id":579,"date":"2025-11-20T11:00:42","date_gmt":"2025-11-20T02:00:42","guid":{"rendered":"https:\/\/www.stg.jpnap.net\/home\/?post_type=notice_ja&#038;p=579"},"modified":"2025-11-20T11:10:31","
[2025-12-25T01:07:07+00:00] jpnap api json decode error: No error
[2025-12-25T01:07:11+00:00] jpnap api status: 200
[2025-12-25T01:07:11+00:00] jpnap api body len: 145453
[2025-12-25T01:07:11+00:00] jpnap api body head: {"0":{"id":579,"date":"2025-11-20T11:00:42","date_gmt":"2025-11-20T02:00:42","guid":{"rendered":"https:\/\/www.stg.jpnap.net\/home\/?post_type=notice_ja&#038;p=579"},"modified":"2025-11-20T11:10:31","
[2025-12-25T01:07:11+00:00] jpnap api json decode error: No error
[2025-12-25T01:07:45+00:00] jpnap api status: 200
[2025-12-25T01:07:45+00:00] jpnap api body len: 145453
[2025-12-25T01:07:45+00:00] jpnap api body head: {"0":{"id":579,"date":"2025-11-20T11:00:42","date_gmt":"2025-11-20T02:00:42","guid":{"rendered":"https:\/\/www.stg.jpnap.net\/home\/?post_type=notice_ja&#038;p=579"},"modified":"2025-11-20T11:10:31","
[2025-12-25T01:07:45+00:00] jpnap api json decode error: No error
[2025-12-25T01:07:46+00:00] jpnap api status: 200
[2025-12-25T01:07:46+00:00] jpnap api body len: 145453
[2025-12-25T01:07:46+00:00] jpnap api body head: {"0":{"id":579,"date":"2025-11-20T11:00:42","date_gmt":"2025-11-20T02:00:42","guid":{"rendered":"https:\/\/www.stg.jpnap.net\/home\/?post_type=notice_ja&#038;p=579"},"modified":"2025-11-20T11:10:31","
[2025-12-25T01:07:46+00:00] jpnap api json decode error: No error
[2025-12-25T01:07:52+00:00] jpnap api status: 200
[2025-12-25T01:07:52+00:00] jpnap api body len: 145453
[2025-12-25T01:07:52+00:00] jpnap api body head: {"0":{"id":579,"date":"2025-11-20T11:00:42","date_gmt":"2025-11-20T02:00:42","guid":{"rendered":"https:\/\/www.stg.jpnap.net\/home\/?post_type=notice_ja&#038;p=579"},"modified":"2025-11-20T11:10:31","
[2025-12-25T01:07:52+00:00] jpnap api json decode error: No error
[2025-12-25T01:08:07+00:00] jpnap api status: 200
[2025-12-25T01:08:07+00:00] jpnap api body len: 145453
[2025-12-25T01:08:07+00:00] jpnap api body head: {"0":{"id":579,"date":"2025-11-20T11:00:42","date_gmt":"2025-11-20T02:00:42","guid":{"rendered":"https:\/\/www.stg.jpnap.net\/home\/?post_type=notice_ja&#038;p=579"},"modified":"2025-11-20T11:10:31","
[2025-12-25T01:08:07+00:00] jpnap api json decode error: No error
[2025-12-25T01:08:08+00:00] jpnap api status: 200
[2025-12-25T01:08:08+00:00] jpnap api body len: 145453
[2025-12-25T01:08:08+00:00] jpnap api body head: {"0":{"id":579,"date":"2025-11-20T11:00:42","date_gmt":"2025-11-20T02:00:42","guid":{"rendered":"https:\/\/www.stg.jpnap.net\/home\/?post_type=notice_ja&#038;p=579"},"modified":"2025-11-20T11:10:31","
[2025-12-25T01:08:08+00:00] jpnap api json decode error: No error
[2025-12-25T01:08:10+00:00] jpnap api status: 200
[2025-12-25T01:08:10+00:00] jpnap api body len: 145453
[2025-12-25T01:08:10+00:00] jpnap api body head: {"0":{"id":579,"date":"2025-11-20T11:00:42","date_gmt":"2025-11-20T02:00:42","guid":{"rendered":"https:\/\/www.stg.jpnap.net\/home\/?post_type=notice_ja&#038;p=579"},"modified":"2025-11-20T11:10:31","
[2025-12-25T01:08:10+00:00] jpnap api json decode error: No error
[2025-12-25T01:08:21+00:00] jpnap api status: 200
[2025-12-25T01:08:21+00:00] jpnap api body len: 145453
[2025-12-25T01:08:21+00:00] jpnap api body head: {"0":{"id":579,"date":"2025-11-20T11:00:42","date_gmt":"2025-11-20T02:00:42","guid":{"rendered":"https:\/\/www.stg.jpnap.net\/home\/?post_type=notice_ja&#038;p=579"},"modified":"2025-11-20T11:10:31","
[2025-12-25T01:08:21+00:00] jpnap api json decode error: No error
[2025-12-25T01:08:22+00:00] jpnap api status: 200
[2025-12-25T01:08:22+00:00] jpnap api body len: 145453
[2025-12-25T01:08:22+00:00] jpnap api body head: {"0":{"id":579,"date":"2025-11-20T11:00:42","date_gmt":"2025-11-20T02:00:42","guid":{"rendered":"https:\/\/www.stg.jpnap.net\/home\/?post_type=notice_ja&#038;p=579"},"modified":"2025-11-20T11:10:31","
[2025-12-25T01:08:22+00:00] jpnap api json decode error: No error
[2025-12-25T01:08:24+00:00] jpnap api status: 200
[2025-12-25T01:08:24+00:00] jpnap api body len: 145453
[2025-12-25T01:08:24+00:00] jpnap api body head: {"0":{"id":579,"date":"2025-11-20T11:00:42","date_gmt":"2025-11-20T02:00:42","guid":{"rendered":"https:\/\/www.stg.jpnap.net\/home\/?post_type=notice_ja&#038;p=579"},"modified":"2025-11-20T11:10:31","
[2025-12-25T01:08:24+00:00] jpnap api json decode error: No error
[2025-12-25T01:08:31+00:00] jpnap api status: 200
[2025-12-25T01:08:31+00:00] jpnap api body len: 145453
[2025-12-25T01:08:31+00:00] jpnap api body head: {"0":{"id":579,"date":"2025-11-20T11:00:42","date_gmt":"2025-11-20T02:00:42","guid":{"rendered":"https:\/\/www.stg.jpnap.net\/home\/?post_type=notice_ja&#038;p=579"},"modified":"2025-11-20T11:10:31","
[2025-12-25T01:08:31+00:00] jpnap api json decode error: No error
[2025-12-25T01:08:32+00:00] jpnap api status: 200
[2025-12-25T01:08:32+00:00] jpnap api body len: 145453
[2025-12-25T01:08:32+00:00] jpnap api body head: {"0":{"id":579,"date":"2025-11-20T11:00:42","date_gmt":"2025-11-20T02:00:42","guid":{"rendered":"https:\/\/www.stg.jpnap.net\/home\/?post_type=notice_ja&#038;p=579"},"modified":"2025-11-20T11:10:31","
[2025-12-25T01:08:32+00:00] jpnap api json decode error: No error
[2025-12-25T01:08:35+00:00] jpnap api status: 200
[2025-12-25T01:08:35+00:00] jpnap api body len: 145453
[2025-12-25T01:08:35+00:00] jpnap api body head: {"0":{"id":579,"date":"2025-11-20T11:00:42","date_gmt":"2025-11-20T02:00:42","guid":{"rendered":"https:\/\/www.stg.jpnap.net\/home\/?post_type=notice_ja&#038;p=579"},"modified":"2025-11-20T11:10:31","
[2025-12-25T01:08:35+00:00] jpnap api json decode error: No error
[2025-12-25T01:08:59+00:00] jpnap api status: 200
[2025-12-25T01:08:59+00:00] jpnap api body len: 145453
[2025-12-25T01:08:59+00:00] jpnap api body head: {"0":{"id":579,"date":"2025-11-20T11:00:42","date_gmt":"2025-11-20T02:00:42","guid":{"rendered":"https:\/\/www.stg.jpnap.net\/home\/?post_type=notice_ja&#038;p=579"},"modified":"2025-11-20T11:10:31","
[2025-12-25T01:08:59+00:00] jpnap api json decode error: No error
[2025-12-25T01:08:59+00:00] jpnap api status: 200
[2025-12-25T01:08:59+00:00] jpnap api body len: 145453
[2025-12-25T01:08:59+00:00] jpnap api body head: {"0":{"id":579,"date":"2025-11-20T11:00:42","date_gmt":"2025-11-20T02:00:42","guid":{"rendered":"https:\/\/www.stg.jpnap.net\/home\/?post_type=notice_ja&#038;p=579"},"modified":"2025-11-20T11:10:31","
[2025-12-25T01:08:59+00:00] jpnap api json decode error: No error
[2025-12-25T01:09:02+00:00] jpnap api status: 200
[2025-12-25T01:09:02+00:00] jpnap api body len: 145453
[2025-12-25T01:09:02+00:00] jpnap api body head: {"0":{"id":579,"date":"2025-11-20T11:00:42","date_gmt":"2025-11-20T02:00:42","guid":{"rendered":"https:\/\/www.stg.jpnap.net\/home\/?post_type=notice_ja&#038;p=579"},"modified":"2025-11-20T11:10:31","
[2025-12-25T01:09:02+00:00] jpnap api json decode error: No error
[2025-12-25T01:09:14+00:00] jpnap api status: 200
[2025-12-25T01:09:14+00:00] jpnap api body len: 145453
[2025-12-25T01:09:14+00:00] jpnap api body head: {"0":{"id":579,"date":"2025-11-20T11:00:42","date_gmt":"2025-11-20T02:00:42","guid":{"rendered":"https:\/\/www.stg.jpnap.net\/home\/?post_type=notice_ja&#038;p=579"},"modified":"2025-11-20T11:10:31","
[2025-12-25T01:09:14+00:00] jpnap api json decode error: No error
[2025-12-25T01:09:15+00:00] jpnap api status: 200
[2025-12-25T01:09:15+00:00] jpnap api body len: 145453
[2025-12-25T01:09:15+00:00] jpnap api body head: {"0":{"id":579,"date":"2025-11-20T11:00:42","date_gmt":"2025-11-20T02:00:42","guid":{"rendered":"https:\/\/www.stg.jpnap.net\/home\/?post_type=notice_ja&#038;p=579"},"modified":"2025-11-20T11:10:31","
[2025-12-25T01:09:15+00:00] jpnap api json decode error: No error
[2025-12-25T01:09:18+00:00] jpnap api status: 200
[2025-12-25T01:09:18+00:00] jpnap api body len: 145453
[2025-12-25T01:09:18+00:00] jpnap api body head: {"0":{"id":579,"date":"2025-11-20T11:00:42","date_gmt":"2025-11-20T02:00:42","guid":{"rendered":"https:\/\/www.stg.jpnap.net\/home\/?post_type=notice_ja&#038;p=579"},"modified":"2025-11-20T11:10:31","
[2025-12-25T01:09:18+00:00] jpnap api json decode error: No error
[2025-12-25T01:09:33+00:00] jpnap api status: 200
[2025-12-25T01:09:33+00:00] jpnap api body len: 145453
[2025-12-25T01:09:33+00:00] jpnap api body head: {"0":{"id":579,"date":"2025-11-20T11:00:42","date_gmt":"2025-11-20T02:00:42","guid":{"rendered":"https:\/\/www.stg.jpnap.net\/home\/?post_type=notice_ja&#038;p=579"},"modified":"2025-11-20T11:10:31","
[2025-12-25T01:09:33+00:00] jpnap api json decode error: No error
[2025-12-25T01:09:53+00:00] jpnap api status: 200
[2025-12-25T01:09:53+00:00] jpnap api body len: 145453
[2025-12-25T01:09:53+00:00] jpnap api body head: {"0":{"id":579,"date":"2025-11-20T11:00:42","date_gmt":"2025-11-20T02:00:42","guid":{"rendered":"https:\/\/www.stg.jpnap.net\/home\/?post_type=notice_ja&#038;p=579"},"modified":"2025-11-20T11:10:31","
[2025-12-25T01:09:53+00:00] jpnap api json decode error: No error
[2025-12-25T01:09:53+00:00] jpnap api status: 200
[2025-12-25T01:09:53+00:00] jpnap api body len: 145453
[2025-12-25T01:09:53+00:00] jpnap api body head: {"0":{"id":579,"date":"2025-11-20T11:00:42","date_gmt":"2025-11-20T02:00:42","guid":{"rendered":"https:\/\/www.stg.jpnap.net\/home\/?post_type=notice_ja&#038;p=579"},"modified":"2025-11-20T11:10:31","
[2025-12-25T01:09:53+00:00] jpnap api json decode error: No error
[2025-12-25T01:10:04+00:00] jpnap api status: 200
[2025-12-25T01:10:04+00:00] jpnap api body len: 145453
[2025-12-25T01:10:04+00:00] jpnap api body head: {"0":{"id":579,"date":"2025-11-20T11:00:42","date_gmt":"2025-11-20T02:00:42","guid":{"rendered":"https:\/\/www.stg.jpnap.net\/home\/?post_type=notice_ja&#038;p=579"},"modified":"2025-11-20T11:10:31","
[2025-12-25T01:10:04+00:00] jpnap api json decode error: No error
[2025-12-25T01:10:17+00:00] jpnap api status: 200
[2025-12-25T01:10:17+00:00] jpnap api body len: 145453
[2025-12-25T01:10:17+00:00] jpnap api body head: {"0":{"id":579,"date":"2025-11-20T11:00:42","date_gmt":"2025-11-20T02:00:42","guid":{"rendered":"https:\/\/www.stg.jpnap.net\/home\/?post_type=notice_ja&#038;p=579"},"modified":"2025-11-20T11:10:31","
[2025-12-25T01:10:17+00:00] jpnap api json decode error: No error
[2025-12-25T01:10:18+00:00] jpnap api status: 200
[2025-12-25T01:10:18+00:00] jpnap api body len: 145453
[2025-12-25T01:10:18+00:00] jpnap api body head: {"0":{"id":579,"date":"2025-11-20T11:00:42","date_gmt":"2025-11-20T02:00:42","guid":{"rendered":"https:\/\/www.stg.jpnap.net\/home\/?post_type=notice_ja&#038;p=579"},"modified":"2025-11-20T11:10:31","
[2025-12-25T01:10:18+00:00] jpnap api json decode error: No error
[2025-12-25T01:10:23+00:00] jpnap api status: 200
[2025-12-25T01:10:23+00:00] jpnap api body len: 145453
[2025-12-25T01:10:23+00:00] jpnap api body head: {"0":{"id":579,"date":"2025-11-20T11:00:42","date_gmt":"2025-11-20T02:00:42","guid":{"rendered":"https:\/\/www.stg.jpnap.net\/home\/?post_type=notice_ja&#038;p=579"},"modified":"2025-11-20T11:10:31","
[2025-12-25T01:10:23+00:00] jpnap api json decode error: No error
[2025-12-25T01:10:42+00:00] jpnap api status: 200
[2025-12-25T01:10:42+00:00] jpnap api body len: 145453
[2025-12-25T01:10:42+00:00] jpnap api body head: {"0":{"id":579,"date":"2025-11-20T11:00:42","date_gmt":"2025-11-20T02:00:42","guid":{"rendered":"https:\/\/www.stg.jpnap.net\/home\/?post_type=notice_ja&#038;p=579"},"modified":"2025-11-20T11:10:31","
[2025-12-25T01:10:42+00:00] jpnap api json decode error: No error
[2025-12-25T01:10:47+00:00] jpnap api status: 200
[2025-12-25T01:10:47+00:00] jpnap api body len: 145453
[2025-12-25T01:10:47+00:00] jpnap api body head: {"0":{"id":579,"date":"2025-11-20T11:00:42","date_gmt":"2025-11-20T02:00:42","guid":{"rendered":"https:\/\/www.stg.jpnap.net\/home\/?post_type=notice_ja&#038;p=579"},"modified":"2025-11-20T11:10:31","
[2025-12-25T01:10:47+00:00] jpnap api json decode error: No error
[2025-12-25T01:10:47+00:00] jpnap api status: 200
[2025-12-25T01:10:47+00:00] jpnap api body len: 145453
[2025-12-25T01:10:47+00:00] jpnap api body head: {"0":{"id":579,"date":"2025-11-20T11:00:42","date_gmt":"2025-11-20T02:00:42","guid":{"rendered":"https:\/\/www.stg.jpnap.net\/home\/?post_type=notice_ja&#038;p=579"},"modified":"2025-11-20T11:10:31","
[2025-12-25T01:10:47+00:00] jpnap api json decode error: No error
[2025-12-25T01:10:56+00:00] jpnap api status: 200
[2025-12-25T01:10:56+00:00] jpnap api body len: 145453
[2025-12-25T01:10:56+00:00] jpnap api body head: {"0":{"id":579,"date":"2025-11-20T11:00:42","date_gmt":"2025-11-20T02:00:42","guid":{"rendered":"https:\/\/www.stg.jpnap.net\/home\/?post_type=notice_ja&#038;p=579"},"modified":"2025-11-20T11:10:31","
[2025-12-25T01:10:56+00:00] jpnap api json decode error: No error
[2025-12-25T01:14:00+00:00] jpnap api status: 200
[2025-12-25T01:14:00+00:00] jpnap api body len: 145453
[2025-12-25T01:14:00+00:00] jpnap api body head: {"0":{"id":579,"date":"2025-11-20T11:00:42","date_gmt":"2025-11-20T02:00:42","guid":{"rendered":"https:\/\/www.stg.jpnap.net\/home\/?post_type=notice_ja&#038;p=579"},"modified":"2025-11-20T11:10:31","
[2025-12-25T01:14:00+00:00] jpnap api json decode error: No error
[2025-12-25T01:14:00+00:00] jpnap api status: 200
[2025-12-25T01:14:00+00:00] jpnap api body len: 145453
[2025-12-25T01:14:00+00:00] jpnap api body head: {"0":{"id":579,"date":"2025-11-20T11:00:42","date_gmt":"2025-11-20T02:00:42","guid":{"rendered":"https:\/\/www.stg.jpnap.net\/home\/?post_type=notice_ja&#038;p=579"},"modified":"2025-11-20T11:10:31","
[2025-12-25T01:14:00+00:00] jpnap api json decode error: No error
[2025-12-25T01:14:07+00:00] jpnap api status: 200
[2025-12-25T01:14:07+00:00] jpnap api body len: 145453
[2025-12-25T01:14:07+00:00] jpnap api body head: {"0":{"id":579,"date":"2025-11-20T11:00:42","date_gmt":"2025-11-20T02:00:42","guid":{"rendered":"https:\/\/www.stg.jpnap.net\/home\/?post_type=notice_ja&#038;p=579"},"modified":"2025-11-20T11:10:31","
[2025-12-25T01:14:07+00:00] jpnap api json decode error: No error
[2025-12-25T01:14:50+00:00] jpnap api status: 200
[2025-12-25T01:14:50+00:00] jpnap api body len: 145453
[2025-12-25T01:14:50+00:00] jpnap api body head: {"0":{"id":579,"date":"2025-11-20T11:00:42","date_gmt":"2025-11-20T02:00:42","guid":{"rendered":"https:\/\/www.stg.jpnap.net\/home\/?post_type=notice_ja&#038;p=579"},"modified":"2025-11-20T11:10:31","
[2025-12-25T01:14:50+00:00] jpnap api json decode error: No error
[2025-12-25T01:14:50+00:00] jpnap api status: 200
[2025-12-25T01:14:50+00:00] jpnap api body len: 145453
[2025-12-25T01:14:50+00:00] jpnap api body head: {"0":{"id":579,"date":"2025-11-20T11:00:42","date_gmt":"2025-11-20T02:00:42","guid":{"rendered":"https:\/\/www.stg.jpnap.net\/home\/?post_type=notice_ja&#038;p=579"},"modified":"2025-11-20T11:10:31","
[2025-12-25T01:14:50+00:00] jpnap api json decode error: No error
[2025-12-25T01:14:55+00:00] jpnap api status: 200
[2025-12-25T01:14:55+00:00] jpnap api body len: 145453
[2025-12-25T01:14:55+00:00] jpnap api body head: {"0":{"id":579,"date":"2025-11-20T11:00:42","date_gmt":"2025-11-20T02:00:42","guid":{"rendered":"https:\/\/www.stg.jpnap.net\/home\/?post_type=notice_ja&#038;p=579"},"modified":"2025-11-20T11:10:31","
[2025-12-25T01:14:55+00:00] jpnap api json decode error: No error
[2025-12-25T01:15:50+00:00] jpnap api status: 200
[2025-12-25T01:15:50+00:00] jpnap api body len: 145453
[2025-12-25T01:15:50+00:00] jpnap api body head: {"0":{"id":579,"date":"2025-11-20T11:00:42","date_gmt":"2025-11-20T02:00:42","guid":{"rendered":"https:\/\/www.stg.jpnap.net\/home\/?post_type=notice_ja&#038;p=579"},"modified":"2025-11-20T11:10:31","
[2025-12-25T01:15:50+00:00] jpnap api json decode error: No error
[2025-12-25T01:15:50+00:00] jpnap api status: 200
[2025-12-25T01:15:50+00:00] jpnap api body len: 145453
[2025-12-25T01:15:50+00:00] jpnap api body head: {"0":{"id":579,"date":"2025-11-20T11:00:42","date_gmt":"2025-11-20T02:00:42","guid":{"rendered":"https:\/\/www.stg.jpnap.net\/home\/?post_type=notice_ja&#038;p=579"},"modified":"2025-11-20T11:10:31","
[2025-12-25T01:15:50+00:00] jpnap api json decode error: No error
[2025-12-25T01:15:55+00:00] jpnap api status: 200
[2025-12-25T01:15:55+00:00] jpnap api body len: 145453
[2025-12-25T01:15:55+00:00] jpnap api body head: {"0":{"id":579,"date":"2025-11-20T11:00:42","date_gmt":"2025-11-20T02:00:42","guid":{"rendered":"https:\/\/www.stg.jpnap.net\/home\/?post_type=notice_ja&#038;p=579"},"modified":"2025-11-20T11:10:31","
[2025-12-25T01:15:55+00:00] jpnap api json decode error: No error
[2025-12-25T01:16:45+00:00] jpnap api status: 200
[2025-12-25T01:16:45+00:00] jpnap api body len: 145453
[2025-12-25T01:16:45+00:00] jpnap api body head: {"0":{"id":579,"date":"2025-11-20T11:00:42","date_gmt":"2025-11-20T02:00:42","guid":{"rendered":"https:\/\/www.stg.jpnap.net\/home\/?post_type=notice_ja&#038;p=579"},"modified":"2025-11-20T11:10:31","
[2025-12-25T01:16:45+00:00] jpnap api json decode error: No error
[2025-12-25T01:16:45+00:00] jpnap api status: 200
[2025-12-25T01:16:45+00:00] jpnap api body len: 145453
[2025-12-25T01:16:45+00:00] jpnap api body head: {"0":{"id":579,"date":"2025-11-20T11:00:42","date_gmt":"2025-11-20T02:00:42","guid":{"rendered":"https:\/\/www.stg.jpnap.net\/home\/?post_type=notice_ja&#038;p=579"},"modified":"2025-11-20T11:10:31","
[2025-12-25T01:16:45+00:00] jpnap api json decode error: No error
[2025-12-25T01:16:47+00:00] jpnap api status: 200
[2025-12-25T01:16:47+00:00] jpnap api body len: 145453
[2025-12-25T01:16:47+00:00] jpnap api body head: {"0":{"id":579,"date":"2025-11-20T11:00:42","date_gmt":"2025-11-20T02:00:42","guid":{"rendered":"https:\/\/www.stg.jpnap.net\/home\/?post_type=notice_ja&#038;p=579"},"modified":"2025-11-20T11:10:31","
[2025-12-25T01:16:47+00:00] jpnap api json decode error: No error
[2025-12-25T01:16:57+00:00] jpnap api status: 200
[2025-12-25T01:16:57+00:00] jpnap api body len: 145453
[2025-12-25T01:16:57+00:00] jpnap api body head: {"0":{"id":579,"date":"2025-11-20T11:00:42","date_gmt":"2025-11-20T02:00:42","guid":{"rendered":"https:\/\/www.stg.jpnap.net\/home\/?post_type=notice_ja&#038;p=579"},"modified":"2025-11-20T11:10:31","
[2025-12-25T01:16:57+00:00] jpnap api json decode error: No error
[2025-12-25T01:16:58+00:00] jpnap api status: 200
[2025-12-25T01:16:58+00:00] jpnap api body len: 145453
[2025-12-25T01:16:58+00:00] jpnap api body head: {"0":{"id":579,"date":"2025-11-20T11:00:42","date_gmt":"2025-11-20T02:00:42","guid":{"rendered":"https:\/\/www.stg.jpnap.net\/home\/?post_type=notice_ja&#038;p=579"},"modified":"2025-11-20T11:10:31","
[2025-12-25T01:16:58+00:00] jpnap api json decode error: No error
[2025-12-25T01:17:00+00:00] jpnap api status: 200
[2025-12-25T01:17:00+00:00] jpnap api body len: 145453
[2025-12-25T01:17:00+00:00] jpnap api body head: {"0":{"id":579,"date":"2025-11-20T11:00:42","date_gmt":"2025-11-20T02:00:42","guid":{"rendered":"https:\/\/www.stg.jpnap.net\/home\/?post_type=notice_ja&#038;p=579"},"modified":"2025-11-20T11:10:31","
[2025-12-25T01:17:00+00:00] jpnap api json decode error: No error
[2025-12-25T01:17:10+00:00] jpnap api status: 200
[2025-12-25T01:17:10+00:00] jpnap api body len: 145453
[2025-12-25T01:17:10+00:00] jpnap api body head: {"0":{"id":579,"date":"2025-11-20T11:00:42","date_gmt":"2025-11-20T02:00:42","guid":{"rendered":"https:\/\/www.stg.jpnap.net\/home\/?post_type=notice_ja&#038;p=579"},"modified":"2025-11-20T11:10:31","
[2025-12-25T01:17:10+00:00] jpnap api json decode error: No error
[2025-12-25T01:17:11+00:00] jpnap api status: 200
[2025-12-25T01:17:11+00:00] jpnap api body len: 145453
[2025-12-25T01:17:11+00:00] jpnap api body head: {"0":{"id":579,"date":"2025-11-20T11:00:42","date_gmt":"2025-11-20T02:00:42","guid":{"rendered":"https:\/\/www.stg.jpnap.net\/home\/?post_type=notice_ja&#038;p=579"},"modified":"2025-11-20T11:10:31","
[2025-12-25T01:17:11+00:00] jpnap api json decode error: No error
[2025-12-25T01:17:13+00:00] jpnap api status: 200
[2025-12-25T01:17:13+00:00] jpnap api body len: 145453
[2025-12-25T01:17:13+00:00] jpnap api body head: {"0":{"id":579,"date":"2025-11-20T11:00:42","date_gmt":"2025-11-20T02:00:42","guid":{"rendered":"https:\/\/www.stg.jpnap.net\/home\/?post_type=notice_ja&#038;p=579"},"modified":"2025-11-20T11:10:31","
[2025-12-25T01:17:13+00:00] jpnap api json decode error: No error
[2025-12-25T01:24:19+00:00] jpnap api status: 200
[2025-12-25T01:24:19+00:00] jpnap api body len: 145453
[2025-12-25T01:24:19+00:00] jpnap api body head: {"0":{"id":579,"date":"2025-11-20T11:00:42","date_gmt":"2025-11-20T02:00:42","guid":{"rendered":"https:\/\/www.stg.jpnap.net\/home\/?post_type=notice_ja&#038;p=579"},"modified":"2025-11-20T11:10:31","
[2025-12-25T01:24:19+00:00] jpnap api json decode error: No error
[2025-12-25T01:24:19+00:00] jpnap api status: 200
[2025-12-25T01:24:19+00:00] jpnap api body len: 145453
[2025-12-25T01:24:19+00:00] jpnap api body head: {"0":{"id":579,"date":"2025-11-20T11:00:42","date_gmt":"2025-11-20T02:00:42","guid":{"rendered":"https:\/\/www.stg.jpnap.net\/home\/?post_type=notice_ja&#038;p=579"},"modified":"2025-11-20T11:10:31","
[2025-12-25T01:24:19+00:00] jpnap api json decode error: No error
[2025-12-25T01:24:21+00:00] jpnap api status: 200
[2025-12-25T01:24:21+00:00] jpnap api body len: 145453
[2025-12-25T01:24:21+00:00] jpnap api body head: {"0":{"id":579,"date":"2025-11-20T11:00:42","date_gmt":"2025-11-20T02:00:42","guid":{"rendered":"https:\/\/www.stg.jpnap.net\/home\/?post_type=notice_ja&#038;p=579"},"modified":"2025-11-20T11:10:31","
[2025-12-25T01:24:21+00:00] jpnap api json decode error: No error
[2025-12-25T01:24:37+00:00] jpnap api status: 200
[2025-12-25T01:24:37+00:00] jpnap api body len: 145453
[2025-12-25T01:24:37+00:00] jpnap api body head: {"0":{"id":579,"date":"2025-11-20T11:00:42","date_gmt":"2025-11-20T02:00:42","guid":{"rendered":"https:\/\/www.stg.jpnap.net\/home\/?post_type=notice_ja&#038;p=579"},"modified":"2025-11-20T11:10:31","
[2025-12-25T01:24:37+00:00] jpnap api json decode error: No error
[2025-12-25T01:24:38+00:00] jpnap api status: 200
[2025-12-25T01:24:38+00:00] jpnap api body len: 145453
[2025-12-25T01:24:38+00:00] jpnap api body head: {"0":{"id":579,"date":"2025-11-20T11:00:42","date_gmt":"2025-11-20T02:00:42","guid":{"rendered":"https:\/\/www.stg.jpnap.net\/home\/?post_type=notice_ja&#038;p=579"},"modified":"2025-11-20T11:10:31","
[2025-12-25T01:24:38+00:00] jpnap api json decode error: No error
[2025-12-25T01:24:40+00:00] jpnap api status: 200
[2025-12-25T01:24:40+00:00] jpnap api body len: 145453
[2025-12-25T01:24:40+00:00] jpnap api body head: {"0":{"id":579,"date":"2025-11-20T11:00:42","date_gmt":"2025-11-20T02:00:42","guid":{"rendered":"https:\/\/www.stg.jpnap.net\/home\/?post_type=notice_ja&#038;p=579"},"modified":"2025-11-20T11:10:31","
[2025-12-25T01:24:40+00:00] jpnap api json decode error: No error
[2025-12-25T01:24:52+00:00] jpnap api status: 200
[2025-12-25T01:24:52+00:00] jpnap api body len: 145453
[2025-12-25T01:24:52+00:00] jpnap api body head: {"0":{"id":579,"date":"2025-11-20T11:00:42","date_gmt":"2025-11-20T02:00:42","guid":{"rendered":"https:\/\/www.stg.jpnap.net\/home\/?post_type=notice_ja&#038;p=579"},"modified":"2025-11-20T11:10:31","
[2025-12-25T01:24:52+00:00] jpnap api json decode error: No error
[2025-12-25T01:24:53+00:00] jpnap api status: 200
[2025-12-25T01:24:53+00:00] jpnap api body len: 145453
[2025-12-25T01:24:53+00:00] jpnap api body head: {"0":{"id":579,"date":"2025-11-20T11:00:42","date_gmt":"2025-11-20T02:00:42","guid":{"rendered":"https:\/\/www.stg.jpnap.net\/home\/?post_type=notice_ja&#038;p=579"},"modified":"2025-11-20T11:10:31","
[2025-12-25T01:24:53+00:00] jpnap api json decode error: No error
[2025-12-25T01:24:57+00:00] jpnap api status: 200
[2025-12-25T01:24:57+00:00] jpnap api body len: 145453
[2025-12-25T01:24:57+00:00] jpnap api body head: {"0":{"id":579,"date":"2025-11-20T11:00:42","date_gmt":"2025-11-20T02:00:42","guid":{"rendered":"https:\/\/www.stg.jpnap.net\/home\/?post_type=notice_ja&#038;p=579"},"modified":"2025-11-20T11:10:31","
[2025-12-25T01:24:57+00:00] jpnap api json decode error: No error
[2025-12-25T01:25:10+00:00] jpnap api status: 200
[2025-12-25T01:25:10+00:00] jpnap api body len: 145453
[2025-12-25T01:25:10+00:00] jpnap api body head: {"0":{"id":579,"date":"2025-11-20T11:00:42","date_gmt":"2025-11-20T02:00:42","guid":{"rendered":"https:\/\/www.stg.jpnap.net\/home\/?post_type=notice_ja&#038;p=579"},"modified":"2025-11-20T11:10:31","
[2025-12-25T01:25:10+00:00] jpnap api json decode error: No error
[2025-12-25T01:25:11+00:00] jpnap api status: 200
[2025-12-25T01:25:11+00:00] jpnap api body len: 145453
[2025-12-25T01:25:11+00:00] jpnap api body head: {"0":{"id":579,"date":"2025-11-20T11:00:42","date_gmt":"2025-11-20T02:00:42","guid":{"rendered":"https:\/\/www.stg.jpnap.net\/home\/?post_type=notice_ja&#038;p=579"},"modified":"2025-11-20T11:10:31","
[2025-12-25T01:25:11+00:00] jpnap api json decode error: No error
[2025-12-25T01:25:21+00:00] jpnap api status: 200
[2025-12-25T01:25:21+00:00] jpnap api body len: 145453
[2025-12-25T01:25:21+00:00] jpnap api body head: {"0":{"id":579,"date":"2025-11-20T11:00:42","date_gmt":"2025-11-20T02:00:42","guid":{"rendered":"https:\/\/www.stg.jpnap.net\/home\/?post_type=notice_ja&#038;p=579"},"modified":"2025-11-20T11:10:31","
[2025-12-25T01:25:21+00:00] jpnap api json decode error: No error
[2025-12-25T02:19:18+00:00] jpnap api status: 200
[2025-12-25T02:19:18+00:00] jpnap api body len: 145453
[2025-12-25T02:19:18+00:00] jpnap api body head: {"0":{"id":579,"date":"2025-11-20T11:00:42","date_gmt":"2025-11-20T02:00:42","guid":{"rendered":"https:\/\/www.stg.jpnap.net\/home\/?post_type=notice_ja&#038;p=579"},"modified":"2025-11-20T11:10:31","
[2025-12-25T02:19:18+00:00] jpnap api json decode error: No error
[2025-12-25T02:33:22+00:00] jpnap api status: 200
[2025-12-25T02:33:22+00:00] jpnap api body len: 145453
[2025-12-25T02:33:22+00:00] jpnap api body head: {"0":{"id":579,"date":"2025-11-20T11:00:42","date_gmt":"2025-11-20T02:00:42","guid":{"rendered":"https:\/\/www.stg.jpnap.net\/home\/?post_type=notice_ja&#038;p=579"},"modified":"2025-11-20T11:10:31","
[2025-12-25T02:33:22+00:00] jpnap api json decode error: No error
[2025-12-25T02:33:26+00:00] jpnap api status: 200
[2025-12-25T02:33:26+00:00] jpnap api body len: 145453
[2025-12-25T02:33:26+00:00] jpnap api body head: {"0":{"id":579,"date":"2025-11-20T11:00:42","date_gmt":"2025-11-20T02:00:42","guid":{"rendered":"https:\/\/www.stg.jpnap.net\/home\/?post_type=notice_ja&#038;p=579"},"modified":"2025-11-20T11:10:31","
[2025-12-25T02:33:26+00:00] jpnap api json decode error: No error
[2025-12-25T02:33:27+00:00] jpnap api status: 200
[2025-12-25T02:33:27+00:00] jpnap api body len: 145453
[2025-12-25T02:33:27+00:00] jpnap api body head: {"0":{"id":579,"date":"2025-11-20T11:00:42","date_gmt":"2025-11-20T02:00:42","guid":{"rendered":"https:\/\/www.stg.jpnap.net\/home\/?post_type=notice_ja&#038;p=579"},"modified":"2025-11-20T11:10:31","
[2025-12-25T02:33:27+00:00] jpnap api json decode error: No error
[2025-12-25T02:34:14+00:00] jpnap api status: 200
[2025-12-25T02:34:14+00:00] jpnap api body len: 145453
[2025-12-25T02:34:14+00:00] jpnap api body head: {"0":{"id":579,"date":"2025-11-20T11:00:42","date_gmt":"2025-11-20T02:00:42","guid":{"rendered":"https:\/\/www.stg.jpnap.net\/home\/?post_type=notice_ja&#038;p=579"},"modified":"2025-11-20T11:10:31","
[2025-12-25T02:34:14+00:00] jpnap api json decode error: No error
[2025-12-25T02:34:15+00:00] jpnap api status: 200
[2025-12-25T02:34:15+00:00] jpnap api body len: 145453
[2025-12-25T02:34:15+00:00] jpnap api body head: {"0":{"id":579,"date":"2025-11-20T11:00:42","date_gmt":"2025-11-20T02:00:42","guid":{"rendered":"https:\/\/www.stg.jpnap.net\/home\/?post_type=notice_ja&#038;p=579"},"modified":"2025-11-20T11:10:31","
[2025-12-25T02:34:15+00:00] jpnap api json decode error: No error
[2025-12-25T02:34:20+00:00] jpnap api status: 200
[2025-12-25T02:34:20+00:00] jpnap api body len: 145453
[2025-12-25T02:34:20+00:00] jpnap api body head: {"0":{"id":579,"date":"2025-11-20T11:00:42","date_gmt":"2025-11-20T02:00:42","guid":{"rendered":"https:\/\/www.stg.jpnap.net\/home\/?post_type=notice_ja&#038;p=579"},"modified":"2025-11-20T11:10:31","
[2025-12-25T02:34:20+00:00] jpnap api json decode error: No error
[2025-12-25T02:35:29+00:00] jpnap api status: 200
[2025-12-25T02:35:29+00:00] jpnap api body len: 145453
[2025-12-25T02:35:29+00:00] jpnap api body head: {"0":{"id":579,"date":"2025-11-20T11:00:42","date_gmt":"2025-11-20T02:00:42","guid":{"rendered":"https:\/\/www.stg.jpnap.net\/home\/?post_type=notice_ja&#038;p=579"},"modified":"2025-11-20T11:10:31","
[2025-12-25T02:35:29+00:00] jpnap api json decode error: No error
[2025-12-25T02:35:29+00:00] jpnap api status: 200
[2025-12-25T02:35:29+00:00] jpnap api body len: 145453
[2025-12-25T02:35:29+00:00] jpnap api body head: {"0":{"id":579,"date":"2025-11-20T11:00:42","date_gmt":"2025-11-20T02:00:42","guid":{"rendered":"https:\/\/www.stg.jpnap.net\/home\/?post_type=notice_ja&#038;p=579"},"modified":"2025-11-20T11:10:31","
[2025-12-25T02:35:29+00:00] jpnap api json decode error: No error
[2025-12-25T02:35:33+00:00] jpnap api status: 200
[2025-12-25T02:35:33+00:00] jpnap api body len: 145453
[2025-12-25T02:35:33+00:00] jpnap api body head: {"0":{"id":579,"date":"2025-11-20T11:00:42","date_gmt":"2025-11-20T02:00:42","guid":{"rendered":"https:\/\/www.stg.jpnap.net\/home\/?post_type=notice_ja&#038;p=579"},"modified":"2025-11-20T11:10:31","
[2025-12-25T02:35:33+00:00] jpnap api json decode error: No error
[2025-12-25T02:41:08+00:00] jpnap api status: 200
[2025-12-25T02:41:08+00:00] jpnap api body len: 145453
[2025-12-25T02:41:08+00:00] jpnap api body head: {"0":{"id":579,"date":"2025-11-20T11:00:42","date_gmt":"2025-11-20T02:00:42","guid":{"rendered":"https:\/\/www.stg.jpnap.net\/home\/?post_type=notice_ja&#038;p=579"},"modified":"2025-11-20T11:10:31","
[2025-12-25T02:41:08+00:00] jpnap api json decode error: No error
[2025-12-25T02:48:56+00:00] jpnap api status: 200
[2025-12-25T02:48:56+00:00] jpnap api body len: 145453
[2025-12-25T02:48:56+00:00] jpnap api body head: {"0":{"id":579,"date":"2025-11-20T11:00:42","date_gmt":"2025-11-20T02:00:42","guid":{"rendered":"https:\/\/www.stg.jpnap.net\/home\/?post_type=notice_ja&#038;p=579"},"modified":"2025-11-20T11:10:31","
[2025-12-25T02:48:56+00:00] jpnap api json decode error: No error
[2025-12-25T02:52:16+00:00] jpnap api status: 200
[2025-12-25T02:52:16+00:00] jpnap api body len: 145453
[2025-12-25T02:52:16+00:00] jpnap api body head: {"0":{"id":579,"date":"2025-11-20T11:00:42","date_gmt":"2025-11-20T02:00:42","guid":{"rendered":"https:\/\/www.stg.jpnap.net\/home\/?post_type=notice_ja&#038;p=579"},"modified":"2025-11-20T11:10:31","
[2025-12-25T02:52:16+00:00] jpnap api json decode error: No error
[2025-12-25T02:52:16+00:00] jpnap api status: 200
[2025-12-25T02:52:16+00:00] jpnap api body len: 145453
[2025-12-25T02:52:16+00:00] jpnap api body head: {"0":{"id":579,"date":"2025-11-20T11:00:42","date_gmt":"2025-11-20T02:00:42","guid":{"rendered":"https:\/\/www.stg.jpnap.net\/home\/?post_type=notice_ja&#038;p=579"},"modified":"2025-11-20T11:10:31","
[2025-12-25T02:52:16+00:00] jpnap api json decode error: No error
[2025-12-25T02:52:27+00:00] jpnap api status: 200
[2025-12-25T02:52:27+00:00] jpnap api body len: 145453
[2025-12-25T02:52:27+00:00] jpnap api body head: {"0":{"id":579,"date":"2025-11-20T11:00:42","date_gmt":"2025-11-20T02:00:42","guid":{"rendered":"https:\/\/www.stg.jpnap.net\/home\/?post_type=notice_ja&#038;p=579"},"modified":"2025-11-20T11:10:31","
[2025-12-25T02:52:27+00:00] jpnap api json decode error: No error
[2025-12-25T02:54:28+00:00] jpnap api status: 200
[2025-12-25T02:54:28+00:00] jpnap api body len: 145453
[2025-12-25T02:54:28+00:00] jpnap api body head: {"0":{"id":579,"date":"2025-11-20T11:00:42","date_gmt":"2025-11-20T02:00:42","guid":{"rendered":"https:\/\/www.stg.jpnap.net\/home\/?post_type=notice_ja&#038;p=579"},"modified":"2025-11-20T11:10:31","
[2025-12-25T02:54:28+00:00] jpnap api json decode error: No error
[2025-12-25T02:54:29+00:00] jpnap api status: 200
[2025-12-25T02:54:29+00:00] jpnap api body len: 145453
[2025-12-25T02:54:29+00:00] jpnap api body head: {"0":{"id":579,"date":"2025-11-20T11:00:42","date_gmt":"2025-11-20T02:00:42","guid":{"rendered":"https:\/\/www.stg.jpnap.net\/home\/?post_type=notice_ja&#038;p=579"},"modified":"2025-11-20T11:10:31","
[2025-12-25T02:54:29+00:00] jpnap api json decode error: No error
[2025-12-25T02:54:38+00:00] jpnap api status: 200
[2025-12-25T02:54:38+00:00] jpnap api body len: 145453
[2025-12-25T02:54:38+00:00] jpnap api body head: {"0":{"id":579,"date":"2025-11-20T11:00:42","date_gmt":"2025-11-20T02:00:42","guid":{"rendered":"https:\/\/www.stg.jpnap.net\/home\/?post_type=notice_ja&#038;p=579"},"modified":"2025-11-20T11:10:31","
[2025-12-25T02:54:38+00:00] jpnap api json decode error: No error
[2025-12-25T02:56:25+00:00] jpnap api status: 200
[2025-12-25T02:56:25+00:00] jpnap api body len: 145453
[2025-12-25T02:56:25+00:00] jpnap api body head: {"0":{"id":579,"date":"2025-11-20T11:00:42","date_gmt":"2025-11-20T02:00:42","guid":{"rendered":"https:\/\/www.stg.jpnap.net\/home\/?post_type=notice_ja&#038;p=579"},"modified":"2025-11-20T11:10:31","
[2025-12-25T02:56:25+00:00] jpnap api json decode error: No error
[2025-12-25T02:56:27+00:00] jpnap api status: 200
[2025-12-25T02:56:27+00:00] jpnap api body len: 145453
[2025-12-25T02:56:27+00:00] jpnap api body head: {"0":{"id":579,"date":"2025-11-20T11:00:42","date_gmt":"2025-11-20T02:00:42","guid":{"rendered":"https:\/\/www.stg.jpnap.net\/home\/?post_type=notice_ja&#038;p=579"},"modified":"2025-11-20T11:10:31","
[2025-12-25T02:56:27+00:00] jpnap api json decode error: No error
[2025-12-25T02:56:27+00:00] jpnap api status: 200
[2025-12-25T02:56:27+00:00] jpnap api body len: 145453
[2025-12-25T02:56:27+00:00] jpnap api body head: {"0":{"id":579,"date":"2025-11-20T11:00:42","date_gmt":"2025-11-20T02:00:42","guid":{"rendered":"https:\/\/www.stg.jpnap.net\/home\/?post_type=notice_ja&#038;p=579"},"modified":"2025-11-20T11:10:31","
[2025-12-25T02:56:27+00:00] jpnap api json decode error: No error
[2025-12-25T02:57:48+00:00] jpnap api status: 200
[2025-12-25T02:57:48+00:00] jpnap api body len: 145453
[2025-12-25T02:57:48+00:00] jpnap api body head: {"0":{"id":579,"date":"2025-11-20T11:00:42","date_gmt":"2025-11-20T02:00:42","guid":{"rendered":"https:\/\/www.stg.jpnap.net\/home\/?post_type=notice_ja&#038;p=579"},"modified":"2025-11-20T11:10:31","
[2025-12-25T02:57:48+00:00] jpnap api json decode error: No error
[2025-12-25T02:57:48+00:00] jpnap api status: 200
[2025-12-25T02:57:48+00:00] jpnap api body len: 145453
[2025-12-25T02:57:48+00:00] jpnap api body head: {"0":{"id":579,"date":"2025-11-20T11:00:42","date_gmt":"2025-11-20T02:00:42","guid":{"rendered":"https:\/\/www.stg.jpnap.net\/home\/?post_type=notice_ja&#038;p=579"},"modified":"2025-11-20T11:10:31","
[2025-12-25T02:57:48+00:00] jpnap api json decode error: No error
[2025-12-25T02:57:53+00:00] jpnap api status: 200
[2025-12-25T02:57:53+00:00] jpnap api body len: 145453
[2025-12-25T02:57:53+00:00] jpnap api body head: {"0":{"id":579,"date":"2025-11-20T11:00:42","date_gmt":"2025-11-20T02:00:42","guid":{"rendered":"https:\/\/www.stg.jpnap.net\/home\/?post_type=notice_ja&#038;p=579"},"modified":"2025-11-20T11:10:31","
[2025-12-25T02:57:53+00:00] jpnap api json decode error: No error
[2025-12-25T02:59:57+00:00] jpnap api status: 200
[2025-12-25T02:59:57+00:00] jpnap api body len: 145453
[2025-12-25T02:59:57+00:00] jpnap api body head: {"0":{"id":579,"date":"2025-11-20T11:00:42","date_gmt":"2025-11-20T02:00:42","guid":{"rendered":"https:\/\/www.stg.jpnap.net\/home\/?post_type=notice_ja&#038;p=579"},"modified":"2025-11-20T11:10:31","
[2025-12-25T02:59:57+00:00] jpnap api json decode error: No error
[2025-12-25T02:59:58+00:00] jpnap api status: 200
[2025-12-25T02:59:58+00:00] jpnap api body len: 145453
[2025-12-25T02:59:58+00:00] jpnap api body head: {"0":{"id":579,"date":"2025-11-20T11:00:42","date_gmt":"2025-11-20T02:00:42","guid":{"rendered":"https:\/\/www.stg.jpnap.net\/home\/?post_type=notice_ja&#038;p=579"},"modified":"2025-11-20T11:10:31","
[2025-12-25T02:59:58+00:00] jpnap api json decode error: No error
[2025-12-25T03:00:07+00:00] jpnap api status: 200
[2025-12-25T03:00:07+00:00] jpnap api body len: 145453
[2025-12-25T03:00:07+00:00] jpnap api body head: {"0":{"id":579,"date":"2025-11-20T11:00:42","date_gmt":"2025-11-20T02:00:42","guid":{"rendered":"https:\/\/www.stg.jpnap.net\/home\/?post_type=notice_ja&#038;p=579"},"modified":"2025-11-20T11:10:31","
[2025-12-25T03:00:07+00:00] jpnap api json decode error: No error
[2025-12-25T03:03:29+00:00] jpnap api status: 200
[2025-12-25T03:03:29+00:00] jpnap api body len: 145453
[2025-12-25T03:03:29+00:00] jpnap api body head: {"0":{"id":579,"date":"2025-11-20T11:00:42","date_gmt":"2025-11-20T02:00:42","guid":{"rendered":"https:\/\/www.stg.jpnap.net\/home\/?post_type=notice_ja&#038;p=579"},"modified":"2025-11-20T11:10:31","
[2025-12-25T03:03:29+00:00] jpnap api json decode error: No error
[2025-12-25T03:05:30+00:00] jpnap api status: 200
[2025-12-25T03:05:30+00:00] jpnap api body len: 145453
[2025-12-25T03:05:30+00:00] jpnap api body head: {"0":{"id":579,"date":"2025-11-20T11:00:42","date_gmt":"2025-11-20T02:00:42","guid":{"rendered":"https:\/\/www.stg.jpnap.net\/home\/?post_type=notice_ja&#038;p=579"},"modified":"2025-11-20T11:10:31","
[2025-12-25T03:05:30+00:00] jpnap api json decode error: No error
[2025-12-25T03:05:31+00:00] jpnap api status: 200
[2025-12-25T03:05:31+00:00] jpnap api body len: 145453
[2025-12-25T03:05:31+00:00] jpnap api body head: {"0":{"id":579,"date":"2025-11-20T11:00:42","date_gmt":"2025-11-20T02:00:42","guid":{"rendered":"https:\/\/www.stg.jpnap.net\/home\/?post_type=notice_ja&#038;p=579"},"modified":"2025-11-20T11:10:31","
[2025-12-25T03:05:31+00:00] jpnap api json decode error: No error
[2025-12-25T03:05:36+00:00] jpnap api status: 200
[2025-12-25T03:05:36+00:00] jpnap api body len: 145453
[2025-12-25T03:05:36+00:00] jpnap api body head: {"0":{"id":579,"date":"2025-11-20T11:00:42","date_gmt":"2025-11-20T02:00:42","guid":{"rendered":"https:\/\/www.stg.jpnap.net\/home\/?post_type=notice_ja&#038;p=579"},"modified":"2025-11-20T11:10:31","
[2025-12-25T03:05:36+00:00] jpnap api json decode error: No error
[2025-12-25T03:06:52+00:00] jpnap api status: 200
[2025-12-25T03:06:52+00:00] jpnap api body len: 145453
[2025-12-25T03:06:52+00:00] jpnap api body head: {"0":{"id":579,"date":"2025-11-20T11:00:42","date_gmt":"2025-11-20T02:00:42","guid":{"rendered":"https:\/\/www.stg.jpnap.net\/home\/?post_type=notice_ja&#038;p=579"},"modified":"2025-11-20T11:10:31","
[2025-12-25T03:06:52+00:00] jpnap api json decode error: No error
[2025-12-25T03:06:53+00:00] jpnap api status: 200
[2025-12-25T03:06:53+00:00] jpnap api body len: 145453
[2025-12-25T03:06:53+00:00] jpnap api body head: {"0":{"id":579,"date":"2025-11-20T11:00:42","date_gmt":"2025-11-20T02:00:42","guid":{"rendered":"https:\/\/www.stg.jpnap.net\/home\/?post_type=notice_ja&#038;p=579"},"modified":"2025-11-20T11:10:31","
[2025-12-25T03:06:53+00:00] jpnap api json decode error: No error
[2025-12-25T03:06:59+00:00] jpnap api status: 200
[2025-12-25T03:06:59+00:00] jpnap api body len: 145453
[2025-12-25T03:06:59+00:00] jpnap api body head: {"0":{"id":579,"date":"2025-11-20T11:00:42","date_gmt":"2025-11-20T02:00:42","guid":{"rendered":"https:\/\/www.stg.jpnap.net\/home\/?post_type=notice_ja&#038;p=579"},"modified":"2025-11-20T11:10:31","
[2025-12-25T03:06:59+00:00] jpnap api json decode error: No error
[2025-12-25T03:07:06+00:00] jpnap api status: 200
[2025-12-25T03:07:06+00:00] jpnap api body len: 145453
[2025-12-25T03:07:06+00:00] jpnap api body head: {"0":{"id":579,"date":"2025-11-20T11:00:42","date_gmt":"2025-11-20T02:00:42","guid":{"rendered":"https:\/\/www.stg.jpnap.net\/home\/?post_type=notice_ja&#038;p=579"},"modified":"2025-11-20T11:10:31","
[2025-12-25T03:07:06+00:00] jpnap api json decode error: No error
[2025-12-25T03:07:07+00:00] jpnap api status: 200
[2025-12-25T03:07:07+00:00] jpnap api body len: 145453
[2025-12-25T03:07:07+00:00] jpnap api body head: {"0":{"id":579,"date":"2025-11-20T11:00:42","date_gmt":"2025-11-20T02:00:42","guid":{"rendered":"https:\/\/www.stg.jpnap.net\/home\/?post_type=notice_ja&#038;p=579"},"modified":"2025-11-20T11:10:31","
[2025-12-25T03:07:07+00:00] jpnap api json decode error: No error
[2025-12-25T03:07:18+00:00] jpnap api status: 200
[2025-12-25T03:07:18+00:00] jpnap api body len: 145453
[2025-12-25T03:07:18+00:00] jpnap api body head: {"0":{"id":579,"date":"2025-11-20T11:00:42","date_gmt":"2025-11-20T02:00:42","guid":{"rendered":"https:\/\/www.stg.jpnap.net\/home\/?post_type=notice_ja&#038;p=579"},"modified":"2025-11-20T11:10:31","
[2025-12-25T03:07:18+00:00] jpnap api json decode error: No error
[2025-12-25T03:12:18+00:00] jpnap api status: 200
[2025-12-25T03:12:18+00:00] jpnap api body len: 145453
[2025-12-25T03:12:18+00:00] jpnap api body head: {"0":{"id":579,"date":"2025-11-20T11:00:42","date_gmt":"2025-11-20T02:00:42","guid":{"rendered":"https:\/\/www.stg.jpnap.net\/home\/?post_type=notice_ja&#038;p=579"},"modified":"2025-11-20T11:10:31","
[2025-12-25T03:12:18+00:00] jpnap api json decode error: No error
[2025-12-25T03:12:18+00:00] jpnap api status: 200
[2025-12-25T03:12:18+00:00] jpnap api body len: 145453
[2025-12-25T03:12:18+00:00] jpnap api body head: {"0":{"id":579,"date":"2025-11-20T11:00:42","date_gmt":"2025-11-20T02:00:42","guid":{"rendered":"https:\/\/www.stg.jpnap.net\/home\/?post_type=notice_ja&#038;p=579"},"modified":"2025-11-20T11:10:31","
[2025-12-25T03:12:18+00:00] jpnap api json decode error: No error
[2025-12-25T03:12:22+00:00] jpnap api status: 200
[2025-12-25T03:12:22+00:00] jpnap api body len: 145453
[2025-12-25T03:12:22+00:00] jpnap api body head: {"0":{"id":579,"date":"2025-11-20T11:00:42","date_gmt":"2025-11-20T02:00:42","guid":{"rendered":"https:\/\/www.stg.jpnap.net\/home\/?post_type=notice_ja&#038;p=579"},"modified":"2025-11-20T11:10:31","
[2025-12-25T03:12:22+00:00] jpnap api json decode error: No error
[2025-12-25T03:12:26+00:00] jpnap api status: 200
[2025-12-25T03:12:26+00:00] jpnap api body len: 145453
[2025-12-25T03:12:26+00:00] jpnap api body head: {"0":{"id":579,"date":"2025-11-20T11:00:42","date_gmt":"2025-11-20T02:00:42","guid":{"rendered":"https:\/\/www.stg.jpnap.net\/home\/?post_type=notice_ja&#038;p=579"},"modified":"2025-11-20T11:10:31","
[2025-12-25T03:12:26+00:00] jpnap api json decode error: No error
[2025-12-25T03:12:26+00:00] jpnap api status: 200
[2025-12-25T03:12:26+00:00] jpnap api body len: 145453
[2025-12-25T03:12:26+00:00] jpnap api body head: {"0":{"id":579,"date":"2025-11-20T11:00:42","date_gmt":"2025-11-20T02:00:42","guid":{"rendered":"https:\/\/www.stg.jpnap.net\/home\/?post_type=notice_ja&#038;p=579"},"modified":"2025-11-20T11:10:31","
[2025-12-25T03:12:26+00:00] jpnap api json decode error: No error
[2025-12-25T03:12:26+00:00] jpnap api status: 200
[2025-12-25T03:12:26+00:00] jpnap api body len: 145453
[2025-12-25T03:12:26+00:00] jpnap api body head: {"0":{"id":579,"date":"2025-11-20T11:00:42","date_gmt":"2025-11-20T02:00:42","guid":{"rendered":"https:\/\/www.stg.jpnap.net\/home\/?post_type=notice_ja&#038;p=579"},"modified":"2025-11-20T11:10:31","
[2025-12-25T03:12:26+00:00] jpnap api json decode error: No error
[2025-12-25T03:12:26+00:00] jpnap api status: 200
[2025-12-25T03:12:26+00:00] jpnap api body len: 145453
[2025-12-25T03:12:26+00:00] jpnap api body head: {"0":{"id":579,"date":"2025-11-20T11:00:42","date_gmt":"2025-11-20T02:00:42","guid":{"rendered":"https:\/\/www.stg.jpnap.net\/home\/?post_type=notice_ja&#038;p=579"},"modified":"2025-11-20T11:10:31","
[2025-12-25T03:12:26+00:00] jpnap api json decode error: No error
[2025-12-25T03:12:26+00:00] jpnap api status: 200
[2025-12-25T03:12:26+00:00] jpnap api body len: 145453
[2025-12-25T03:12:26+00:00] jpnap api body head: {"0":{"id":579,"date":"2025-11-20T11:00:42","date_gmt":"2025-11-20T02:00:42","guid":{"rendered":"https:\/\/www.stg.jpnap.net\/home\/?post_type=notice_ja&#038;p=579"},"modified":"2025-11-20T11:10:31","
[2025-12-25T03:12:26+00:00] jpnap api json decode error: No error
[2025-12-25T03:12:26+00:00] jpnap api status: 200
[2025-12-25T03:12:26+00:00] jpnap api body len: 145453
[2025-12-25T03:12:26+00:00] jpnap api body head: {"0":{"id":579,"date":"2025-11-20T11:00:42","date_gmt":"2025-11-20T02:00:42","guid":{"rendered":"https:\/\/www.stg.jpnap.net\/home\/?post_type=notice_ja&#038;p=579"},"modified":"2025-11-20T11:10:31","
[2025-12-25T03:12:26+00:00] jpnap api json decode error: No error
[2025-12-25T03:12:27+00:00] jpnap api status: 200
[2025-12-25T03:12:27+00:00] jpnap api body len: 145453
[2025-12-25T03:12:27+00:00] jpnap api body head: {"0":{"id":579,"date":"2025-11-20T11:00:42","date_gmt":"2025-11-20T02:00:42","guid":{"rendered":"https:\/\/www.stg.jpnap.net\/home\/?post_type=notice_ja&#038;p=579"},"modified":"2025-11-20T11:10:31","
[2025-12-25T03:12:27+00:00] jpnap api json decode error: No error
[2025-12-25T03:12:27+00:00] jpnap api status: 200
[2025-12-25T03:12:27+00:00] jpnap api body len: 145453
[2025-12-25T03:12:27+00:00] jpnap api body head: {"0":{"id":579,"date":"2025-11-20T11:00:42","date_gmt":"2025-11-20T02:00:42","guid":{"rendered":"https:\/\/www.stg.jpnap.net\/home\/?post_type=notice_ja&#038;p=579"},"modified":"2025-11-20T11:10:31","
[2025-12-25T03:12:27+00:00] jpnap api json decode error: No error
[2025-12-25T03:12:57+00:00] jpnap api status: 200
[2025-12-25T03:12:57+00:00] jpnap api body len: 145453
[2025-12-25T03:12:57+00:00] jpnap api body head: {"0":{"id":579,"date":"2025-11-20T11:00:42","date_gmt":"2025-11-20T02:00:42","guid":{"rendered":"https:\/\/www.stg.jpnap.net\/home\/?post_type=notice_ja&#038;p=579"},"modified":"2025-11-20T11:10:31","
[2025-12-25T03:12:57+00:00] jpnap api json decode error: No error
[2025-12-25T03:12:58+00:00] jpnap api status: 200
[2025-12-25T03:12:58+00:00] jpnap api body len: 145453
[2025-12-25T03:12:58+00:00] jpnap api body head: {"0":{"id":579,"date":"2025-11-20T11:00:42","date_gmt":"2025-11-20T02:00:42","guid":{"rendered":"https:\/\/www.stg.jpnap.net\/home\/?post_type=notice_ja&#038;p=579"},"modified":"2025-11-20T11:10:31","
[2025-12-25T03:12:58+00:00] jpnap api json decode error: No error
[2025-12-25T03:13:06+00:00] jpnap api status: 200
[2025-12-25T03:13:06+00:00] jpnap api body len: 145453
[2025-12-25T03:13:06+00:00] jpnap api body head: {"0":{"id":579,"date":"2025-11-20T11:00:42","date_gmt":"2025-11-20T02:00:42","guid":{"rendered":"https:\/\/www.stg.jpnap.net\/home\/?post_type=notice_ja&#038;p=579"},"modified":"2025-11-20T11:10:31","
[2025-12-25T03:13:06+00:00] jpnap api json decode error: No error
[2025-12-25T03:13:06+00:00] jpnap api status: 200
[2025-12-25T03:13:06+00:00] jpnap api body len: 145453
[2025-12-25T03:13:06+00:00] jpnap api body head: {"0":{"id":579,"date":"2025-11-20T11:00:42","date_gmt":"2025-11-20T02:00:42","guid":{"rendered":"https:\/\/www.stg.jpnap.net\/home\/?post_type=notice_ja&#038;p=579"},"modified":"2025-11-20T11:10:31","
[2025-12-25T03:13:06+00:00] jpnap api json decode error: No error
[2025-12-25T03:13:06+00:00] jpnap api status: 200
[2025-12-25T03:13:06+00:00] jpnap api body len: 145453
[2025-12-25T03:13:06+00:00] jpnap api body head: {"0":{"id":579,"date":"2025-11-20T11:00:42","date_gmt":"2025-11-20T02:00:42","guid":{"rendered":"https:\/\/www.stg.jpnap.net\/home\/?post_type=notice_ja&#038;p=579"},"modified":"2025-11-20T11:10:31","
[2025-12-25T03:13:06+00:00] jpnap api json decode error: No error
[2025-12-25T03:13:08+00:00] jpnap api status: 200
[2025-12-25T03:13:08+00:00] jpnap api body len: 145453
[2025-12-25T03:13:08+00:00] jpnap api body head: {"0":{"id":579,"date":"2025-11-20T11:00:42","date_gmt":"2025-11-20T02:00:42","guid":{"rendered":"https:\/\/www.stg.jpnap.net\/home\/?post_type=notice_ja&#038;p=579"},"modified":"2025-11-20T11:10:31","
[2025-12-25T03:13:08+00:00] jpnap api json decode error: No error
[2025-12-25T03:13:08+00:00] jpnap api status: 200
[2025-12-25T03:13:08+00:00] jpnap api body len: 145453
[2025-12-25T03:13:08+00:00] jpnap api body head: {"0":{"id":579,"date":"2025-11-20T11:00:42","date_gmt":"2025-11-20T02:00:42","guid":{"rendered":"https:\/\/www.stg.jpnap.net\/home\/?post_type=notice_ja&#038;p=579"},"modified":"2025-11-20T11:10:31","
[2025-12-25T03:13:08+00:00] jpnap api json decode error: No error
[2025-12-25T03:13:08+00:00] jpnap api status: 200
[2025-12-25T03:13:08+00:00] jpnap api body len: 145453
[2025-12-25T03:13:08+00:00] jpnap api body head: {"0":{"id":579,"date":"2025-11-20T11:00:42","date_gmt":"2025-11-20T02:00:42","guid":{"rendered":"https:\/\/www.stg.jpnap.net\/home\/?post_type=notice_ja&#038;p=579"},"modified":"2025-11-20T11:10:31","
[2025-12-25T03:13:08+00:00] jpnap api json decode error: No error
[2025-12-25T03:13:09+00:00] jpnap api status: 200
[2025-12-25T03:13:09+00:00] jpnap api body len: 145453
[2025-12-25T03:13:09+00:00] jpnap api body head: {"0":{"id":579,"date":"2025-11-20T11:00:42","date_gmt":"2025-11-20T02:00:42","guid":{"rendered":"https:\/\/www.stg.jpnap.net\/home\/?post_type=notice_ja&#038;p=579"},"modified":"2025-11-20T11:10:31","
[2025-12-25T03:13:09+00:00] jpnap api json decode error: No error
[2025-12-25T03:13:30+00:00] jpnap api status: 200
[2025-12-25T03:13:30+00:00] jpnap api body len: 145453
[2025-12-25T03:13:30+00:00] jpnap api body head: {"0":{"id":579,"date":"2025-11-20T11:00:42","date_gmt":"2025-11-20T02:00:42","guid":{"rendered":"https:\/\/www.stg.jpnap.net\/home\/?post_type=notice_ja&#038;p=579"},"modified":"2025-11-20T11:10:31","
[2025-12-25T03:13:30+00:00] jpnap api json decode error: No error
[2025-12-25T03:13:31+00:00] jpnap api status: 200
[2025-12-25T03:13:31+00:00] jpnap api body len: 145453
[2025-12-25T03:13:31+00:00] jpnap api body head: {"0":{"id":579,"date":"2025-11-20T11:00:42","date_gmt":"2025-11-20T02:00:42","guid":{"rendered":"https:\/\/www.stg.jpnap.net\/home\/?post_type=notice_ja&#038;p=579"},"modified":"2025-11-20T11:10:31","
[2025-12-25T03:13:31+00:00] jpnap api json decode error: No error
[2025-12-25T03:13:43+00:00] jpnap api status: 200
[2025-12-25T03:13:43+00:00] jpnap api body len: 145453
[2025-12-25T03:13:43+00:00] jpnap api body head: {"0":{"id":579,"date":"2025-11-20T11:00:42","date_gmt":"2025-11-20T02:00:42","guid":{"rendered":"https:\/\/www.stg.jpnap.net\/home\/?post_type=notice_ja&#038;p=579"},"modified":"2025-11-20T11:10:31","
[2025-12-25T03:13:43+00:00] jpnap api json decode error: No error
[2025-12-25T03:13:43+00:00] jpnap api status: 200
[2025-12-25T03:13:43+00:00] jpnap api body len: 145453
[2025-12-25T03:13:43+00:00] jpnap api body head: {"0":{"id":579,"date":"2025-11-20T11:00:42","date_gmt":"2025-11-20T02:00:42","guid":{"rendered":"https:\/\/www.stg.jpnap.net\/home\/?post_type=notice_ja&#038;p=579"},"modified":"2025-11-20T11:10:31","
[2025-12-25T03:13:43+00:00] jpnap api json decode error: No error
[2025-12-25T03:13:43+00:00] jpnap api status: 200
[2025-12-25T03:13:43+00:00] jpnap api body len: 145453
[2025-12-25T03:13:43+00:00] jpnap api body head: {"0":{"id":579,"date":"2025-11-20T11:00:42","date_gmt":"2025-11-20T02:00:42","guid":{"rendered":"https:\/\/www.stg.jpnap.net\/home\/?post_type=notice_ja&#038;p=579"},"modified":"2025-11-20T11:10:31","
[2025-12-25T03:13:43+00:00] jpnap api json decode error: No error
[2025-12-25T03:13:43+00:00] jpnap api status: 200
[2025-12-25T03:13:43+00:00] jpnap api body len: 145453
[2025-12-25T03:13:43+00:00] jpnap api body head: {"0":{"id":579,"date":"2025-11-20T11:00:42","date_gmt":"2025-11-20T02:00:42","guid":{"rendered":"https:\/\/www.stg.jpnap.net\/home\/?post_type=notice_ja&#038;p=579"},"modified":"2025-11-20T11:10:31","
[2025-12-25T03:13:43+00:00] jpnap api json decode error: No error
[2025-12-25T03:13:43+00:00] jpnap api status: 200
[2025-12-25T03:13:43+00:00] jpnap api body len: 145453
[2025-12-25T03:13:43+00:00] jpnap api body head: {"0":{"id":579,"date":"2025-11-20T11:00:42","date_gmt":"2025-11-20T02:00:42","guid":{"rendered":"https:\/\/www.stg.jpnap.net\/home\/?post_type=notice_ja&#038;p=579"},"modified":"2025-11-20T11:10:31","
[2025-12-25T03:13:43+00:00] jpnap api json decode error: No error
[2025-12-25T03:13:44+00:00] jpnap api status: 200
[2025-12-25T03:13:44+00:00] jpnap api body len: 145453
[2025-12-25T03:13:44+00:00] jpnap api body head: {"0":{"id":579,"date":"2025-11-20T11:00:42","date_gmt":"2025-11-20T02:00:42","guid":{"rendered":"https:\/\/www.stg.jpnap.net\/home\/?post_type=notice_ja&#038;p=579"},"modified":"2025-11-20T11:10:31","
[2025-12-25T03:13:44+00:00] jpnap api json decode error: No error
[2025-12-25T03:13:44+00:00] jpnap api status: 200
[2025-12-25T03:13:44+00:00] jpnap api body len: 145453
[2025-12-25T03:13:44+00:00] jpnap api body head: {"0":{"id":579,"date":"2025-11-20T11:00:42","date_gmt":"2025-11-20T02:00:42","guid":{"rendered":"https:\/\/www.stg.jpnap.net\/home\/?post_type=notice_ja&#038;p=579"},"modified":"2025-11-20T11:10:31","
[2025-12-25T03:13:44+00:00] jpnap api json decode error: No error
[2025-12-25T03:13:50+00:00] jpnap api status: 200
[2025-12-25T03:13:50+00:00] jpnap api body len: 145453
[2025-12-25T03:13:50+00:00] jpnap api body head: {"0":{"id":579,"date":"2025-11-20T11:00:42","date_gmt":"2025-11-20T02:00:42","guid":{"rendered":"https:\/\/www.stg.jpnap.net\/home\/?post_type=notice_ja&#038;p=579"},"modified":"2025-11-20T11:10:31","
[2025-12-25T03:13:50+00:00] jpnap api json decode error: No error
[2025-12-25T03:13:50+00:00] jpnap api status: 200
[2025-12-25T03:13:50+00:00] jpnap api body len: 145453
[2025-12-25T03:13:50+00:00] jpnap api body head: {"0":{"id":579,"date":"2025-11-20T11:00:42","date_gmt":"2025-11-20T02:00:42","guid":{"rendered":"https:\/\/www.stg.jpnap.net\/home\/?post_type=notice_ja&#038;p=579"},"modified":"2025-11-20T11:10:31","
[2025-12-25T03:13:50+00:00] jpnap api json decode error: No error
[2025-12-25T03:14:01+00:00] jpnap api status: 200
[2025-12-25T03:14:01+00:00] jpnap api body len: 145453
[2025-12-25T03:14:01+00:00] jpnap api body head: {"0":{"id":579,"date":"2025-11-20T11:00:42","date_gmt":"2025-11-20T02:00:42","guid":{"rendered":"https:\/\/www.stg.jpnap.net\/home\/?post_type=notice_ja&#038;p=579"},"modified":"2025-11-20T11:10:31","
[2025-12-25T03:14:01+00:00] jpnap api json decode error: No error
[2025-12-25T03:14:01+00:00] jpnap api status: 200
[2025-12-25T03:14:01+00:00] jpnap api body len: 145453
[2025-12-25T03:14:01+00:00] jpnap api body head: {"0":{"id":579,"date":"2025-11-20T11:00:42","date_gmt":"2025-11-20T02:00:42","guid":{"rendered":"https:\/\/www.stg.jpnap.net\/home\/?post_type=notice_ja&#038;p=579"},"modified":"2025-11-20T11:10:31","
[2025-12-25T03:14:01+00:00] jpnap api json decode error: No error
[2025-12-25T03:14:01+00:00] jpnap api status: 200
[2025-12-25T03:14:01+00:00] jpnap api body len: 145453
[2025-12-25T03:14:01+00:00] jpnap api body head: {"0":{"id":579,"date":"2025-11-20T11:00:42","date_gmt":"2025-11-20T02:00:42","guid":{"rendered":"https:\/\/www.stg.jpnap.net\/home\/?post_type=notice_ja&#038;p=579"},"modified":"2025-11-20T11:10:31","
[2025-12-25T03:14:01+00:00] jpnap api json decode error: No error
[2025-12-25T03:14:01+00:00] jpnap api status: 200
[2025-12-25T03:14:01+00:00] jpnap api body len: 145453
[2025-12-25T03:14:01+00:00] jpnap api body head: {"0":{"id":579,"date":"2025-11-20T11:00:42","date_gmt":"2025-11-20T02:00:42","guid":{"rendered":"https:\/\/www.stg.jpnap.net\/home\/?post_type=notice_ja&#038;p=579"},"modified":"2025-11-20T11:10:31","
[2025-12-25T03:14:01+00:00] jpnap api json decode error: No error
[2025-12-25T03:14:01+00:00] jpnap api status: 200
[2025-12-25T03:14:01+00:00] jpnap api body len: 145453
[2025-12-25T03:14:01+00:00] jpnap api body head: {"0":{"id":579,"date":"2025-11-20T11:00:42","date_gmt":"2025-11-20T02:00:42","guid":{"rendered":"https:\/\/www.stg.jpnap.net\/home\/?post_type=notice_ja&#038;p=579"},"modified":"2025-11-20T11:10:31","
[2025-12-25T03:14:01+00:00] jpnap api json decode error: No error
[2025-12-25T03:14:01+00:00] jpnap api status: 200
[2025-12-25T03:14:01+00:00] jpnap api body len: 145453
[2025-12-25T03:14:01+00:00] jpnap api body head: {"0":{"id":579,"date":"2025-11-20T11:00:42","date_gmt":"2025-11-20T02:00:42","guid":{"rendered":"https:\/\/www.stg.jpnap.net\/home\/?post_type=notice_ja&#038;p=579"},"modified":"2025-11-20T11:10:31","
[2025-12-25T03:14:01+00:00] jpnap api json decode error: No error
[2025-12-25T03:14:02+00:00] jpnap api status: 200
[2025-12-25T03:14:02+00:00] jpnap api body len: 145453
[2025-12-25T03:14:02+00:00] jpnap api body head: {"0":{"id":579,"date":"2025-11-20T11:00:42","date_gmt":"2025-11-20T02:00:42","guid":{"rendered":"https:\/\/www.stg.jpnap.net\/home\/?post_type=notice_ja&#038;p=579"},"modified":"2025-11-20T11:10:31","
[2025-12-25T03:14:02+00:00] jpnap api json decode error: No error
[2025-12-25T03:14:02+00:00] jpnap api status: 200
[2025-12-25T03:14:02+00:00] jpnap api body len: 145453
[2025-12-25T03:14:02+00:00] jpnap api body head: {"0":{"id":579,"date":"2025-11-20T11:00:42","date_gmt":"2025-11-20T02:00:42","guid":{"rendered":"https:\/\/www.stg.jpnap.net\/home\/?post_type=notice_ja&#038;p=579"},"modified":"2025-11-20T11:10:31","
[2025-12-25T03:14:02+00:00] jpnap api json decode error: No error
[2025-12-25T03:14:02+00:00] jpnap api status: 200
[2025-12-25T03:14:02+00:00] jpnap api body len: 145453
[2025-12-25T03:14:02+00:00] jpnap api body head: {"0":{"id":579,"date":"2025-11-20T11:00:42","date_gmt":"2025-11-20T02:00:42","guid":{"rendered":"https:\/\/www.stg.jpnap.net\/home\/?post_type=notice_ja&#038;p=579"},"modified":"2025-11-20T11:10:31","
[2025-12-25T03:14:02+00:00] jpnap api json decode error: No error
[2025-12-25T03:14:04+00:00] jpnap api status: 200
[2025-12-25T03:14:04+00:00] jpnap api body len: 145453
[2025-12-25T03:14:04+00:00] jpnap api body head: {"0":{"id":579,"date":"2025-11-20T11:00:42","date_gmt":"2025-11-20T02:00:42","guid":{"rendered":"https:\/\/www.stg.jpnap.net\/home\/?post_type=notice_ja&#038;p=579"},"modified":"2025-11-20T11:10:31","
[2025-12-25T03:14:04+00:00] jpnap api json decode error: No error
[2025-12-25T03:14:04+00:00] jpnap api status: 200
[2025-12-25T03:14:04+00:00] jpnap api body len: 145453
[2025-12-25T03:14:04+00:00] jpnap api body head: {"0":{"id":579,"date":"2025-11-20T11:00:42","date_gmt":"2025-11-20T02:00:42","guid":{"rendered":"https:\/\/www.stg.jpnap.net\/home\/?post_type=notice_ja&#038;p=579"},"modified":"2025-11-20T11:10:31","
[2025-12-25T03:14:04+00:00] jpnap api json decode error: No error
[2025-12-25T03:14:25+00:00] jpnap api status: 200
[2025-12-25T03:14:25+00:00] jpnap api body len: 145453
[2025-12-25T03:14:25+00:00] jpnap api body head: {"0":{"id":579,"date":"2025-11-20T11:00:42","date_gmt":"2025-11-20T02:00:42","guid":{"rendered":"https:\/\/www.stg.jpnap.net\/home\/?post_type=notice_ja&#038;p=579"},"modified":"2025-11-20T11:10:31","
[2025-12-25T03:14:25+00:00] jpnap api json decode error: No error
[2025-12-25T03:14:25+00:00] jpnap api status: 200
[2025-12-25T03:14:25+00:00] jpnap api body len: 145453
[2025-12-25T03:14:25+00:00] jpnap api body head: {"0":{"id":579,"date":"2025-11-20T11:00:42","date_gmt":"2025-11-20T02:00:42","guid":{"rendered":"https:\/\/www.stg.jpnap.net\/home\/?post_type=notice_ja&#038;p=579"},"modified":"2025-11-20T11:10:31","
[2025-12-25T03:14:25+00:00] jpnap api json decode error: No error
[2025-12-25T03:14:31+00:00] jpnap api status: 200
[2025-12-25T03:14:31+00:00] jpnap api body len: 145453
[2025-12-25T03:14:31+00:00] jpnap api body head: {"0":{"id":579,"date":"2025-11-20T11:00:42","date_gmt":"2025-11-20T02:00:42","guid":{"rendered":"https:\/\/www.stg.jpnap.net\/home\/?post_type=notice_ja&#038;p=579"},"modified":"2025-11-20T11:10:31","
[2025-12-25T03:14:31+00:00] jpnap api json decode error: No error
[2025-12-25T03:14:31+00:00] jpnap api status: 200
[2025-12-25T03:14:31+00:00] jpnap api body len: 145453
[2025-12-25T03:14:31+00:00] jpnap api body head: {"0":{"id":579,"date":"2025-11-20T11:00:42","date_gmt":"2025-11-20T02:00:42","guid":{"rendered":"https:\/\/www.stg.jpnap.net\/home\/?post_type=notice_ja&#038;p=579"},"modified":"2025-11-20T11:10:31","
[2025-12-25T03:14:31+00:00] jpnap api json decode error: No error
[2025-12-25T03:14:31+00:00] jpnap api status: 200
[2025-12-25T03:14:31+00:00] jpnap api body len: 145453
[2025-12-25T03:14:31+00:00] jpnap api body head: {"0":{"id":579,"date":"2025-11-20T11:00:42","date_gmt":"2025-11-20T02:00:42","guid":{"rendered":"https:\/\/www.stg.jpnap.net\/home\/?post_type=notice_ja&#038;p=579"},"modified":"2025-11-20T11:10:31","
[2025-12-25T03:14:31+00:00] jpnap api json decode error: No error
[2025-12-25T03:14:32+00:00] jpnap api status: 200
[2025-12-25T03:14:32+00:00] jpnap api body len: 145453
[2025-12-25T03:14:32+00:00] jpnap api body head: {"0":{"id":579,"date":"2025-11-20T11:00:42","date_gmt":"2025-11-20T02:00:42","guid":{"rendered":"https:\/\/www.stg.jpnap.net\/home\/?post_type=notice_ja&#038;p=579"},"modified":"2025-11-20T11:10:31","
[2025-12-25T03:14:32+00:00] jpnap api json decode error: No error
[2025-12-25T03:14:32+00:00] jpnap api status: 200
[2025-12-25T03:14:32+00:00] jpnap api body len: 145453
[2025-12-25T03:14:32+00:00] jpnap api body head: {"0":{"id":579,"date":"2025-11-20T11:00:42","date_gmt":"2025-11-20T02:00:42","guid":{"rendered":"https:\/\/www.stg.jpnap.net\/home\/?post_type=notice_ja&#038;p=579"},"modified":"2025-11-20T11:10:31","
[2025-12-25T03:14:32+00:00] jpnap api json decode error: No error
[2025-12-25T03:14:33+00:00] jpnap api status: 200
[2025-12-25T03:14:33+00:00] jpnap api body len: 145453
[2025-12-25T03:14:33+00:00] jpnap api body head: {"0":{"id":579,"date":"2025-11-20T11:00:42","date_gmt":"2025-11-20T02:00:42","guid":{"rendered":"https:\/\/www.stg.jpnap.net\/home\/?post_type=notice_ja&#038;p=579"},"modified":"2025-11-20T11:10:31","
[2025-12-25T03:14:33+00:00] jpnap api json decode error: No error
[2025-12-25T03:14:33+00:00] jpnap api status: 200
[2025-12-25T03:14:33+00:00] jpnap api body len: 145453
[2025-12-25T03:14:33+00:00] jpnap api body head: {"0":{"id":579,"date":"2025-11-20T11:00:42","date_gmt":"2025-11-20T02:00:42","guid":{"rendered":"https:\/\/www.stg.jpnap.net\/home\/?post_type=notice_ja&#038;p=579"},"modified":"2025-11-20T11:10:31","
[2025-12-25T03:14:33+00:00] jpnap api json decode error: No error
[2025-12-25T03:14:33+00:00] jpnap api status: 200
[2025-12-25T03:14:33+00:00] jpnap api body len: 145453
[2025-12-25T03:14:33+00:00] jpnap api body head: {"0":{"id":579,"date":"2025-11-20T11:00:42","date_gmt":"2025-11-20T02:00:42","guid":{"rendered":"https:\/\/www.stg.jpnap.net\/home\/?post_type=notice_ja&#038;p=579"},"modified":"2025-11-20T11:10:31","
[2025-12-25T03:14:33+00:00] jpnap api json decode error: No error
[2025-12-25T03:14:33+00:00] jpnap api status: 200
[2025-12-25T03:14:33+00:00] jpnap api body len: 145453
[2025-12-25T03:14:33+00:00] jpnap api body head: {"0":{"id":579,"date":"2025-11-20T11:00:42","date_gmt":"2025-11-20T02:00:42","guid":{"rendered":"https:\/\/www.stg.jpnap.net\/home\/?post_type=notice_ja&#038;p=579"},"modified":"2025-11-20T11:10:31","
[2025-12-25T03:14:33+00:00] jpnap api json decode error: No error
[2025-12-25T03:14:45+00:00] jpnap api status: 200
[2025-12-25T03:14:45+00:00] jpnap api body len: 145453
[2025-12-25T03:14:45+00:00] jpnap api body head: {"0":{"id":579,"date":"2025-11-20T11:00:42","date_gmt":"2025-11-20T02:00:42","guid":{"rendered":"https:\/\/www.stg.jpnap.net\/home\/?post_type=notice_ja&#038;p=579"},"modified":"2025-11-20T11:10:31","
[2025-12-25T03:14:45+00:00] jpnap api json decode error: No error
[2025-12-25T03:14:46+00:00] jpnap api status: 200
[2025-12-25T03:14:46+00:00] jpnap api body len: 145453
[2025-12-25T03:14:46+00:00] jpnap api body head: {"0":{"id":579,"date":"2025-11-20T11:00:42","date_gmt":"2025-11-20T02:00:42","guid":{"rendered":"https:\/\/www.stg.jpnap.net\/home\/?post_type=notice_ja&#038;p=579"},"modified":"2025-11-20T11:10:31","
[2025-12-25T03:14:46+00:00] jpnap api json decode error: No error
[2025-12-25T03:14:56+00:00] jpnap api status: 200
[2025-12-25T03:14:56+00:00] jpnap api body len: 145453
[2025-12-25T03:14:56+00:00] jpnap api body head: {"0":{"id":579,"date":"2025-11-20T11:00:42","date_gmt":"2025-11-20T02:00:42","guid":{"rendered":"https:\/\/www.stg.jpnap.net\/home\/?post_type=notice_ja&#038;p=579"},"modified":"2025-11-20T11:10:31","
[2025-12-25T03:14:56+00:00] jpnap api json decode error: No error
[2025-12-25T03:15:21+00:00] jpnap api status: 200
[2025-12-25T03:15:21+00:00] jpnap api body len: 145453
[2025-12-25T03:15:21+00:00] jpnap api body head: {"0":{"id":579,"date":"2025-11-20T11:00:42","date_gmt":"2025-11-20T02:00:42","guid":{"rendered":"https:\/\/www.stg.jpnap.net\/home\/?post_type=notice_ja&#038;p=579"},"modified":"2025-11-20T11:10:31","
[2025-12-25T03:15:21+00:00] jpnap api json decode error: No error
[2025-12-25T03:15:21+00:00] jpnap api status: 200
[2025-12-25T03:15:21+00:00] jpnap api body len: 145453
[2025-12-25T03:15:21+00:00] jpnap api body head: {"0":{"id":579,"date":"2025-11-20T11:00:42","date_gmt":"2025-11-20T02:00:42","guid":{"rendered":"https:\/\/www.stg.jpnap.net\/home\/?post_type=notice_ja&#038;p=579"},"modified":"2025-11-20T11:10:31","
[2025-12-25T03:15:21+00:00] jpnap api json decode error: No error
[2025-12-25T03:15:28+00:00] jpnap api status: 200
[2025-12-25T03:15:28+00:00] jpnap api body len: 145453
[2025-12-25T03:15:28+00:00] jpnap api body head: {"0":{"id":579,"date":"2025-11-20T11:00:42","date_gmt":"2025-11-20T02:00:42","guid":{"rendered":"https:\/\/www.stg.jpnap.net\/home\/?post_type=notice_ja&#038;p=579"},"modified":"2025-11-20T11:10:31","
[2025-12-25T03:15:28+00:00] jpnap api json decode error: No error
[2025-12-25T03:15:38+00:00] jpnap api status: 200
[2025-12-25T03:15:38+00:00] jpnap api body len: 145453
[2025-12-25T03:15:38+00:00] jpnap api body head: {"0":{"id":579,"date":"2025-11-20T11:00:42","date_gmt":"2025-11-20T02:00:42","guid":{"rendered":"https:\/\/www.stg.jpnap.net\/home\/?post_type=notice_ja&#038;p=579"},"modified":"2025-11-20T11:10:31","
[2025-12-25T03:15:38+00:00] jpnap api json decode error: No error
[2025-12-25T03:15:39+00:00] jpnap api status: 200
[2025-12-25T03:15:39+00:00] jpnap api body len: 145453
[2025-12-25T03:15:39+00:00] jpnap api body head: {"0":{"id":579,"date":"2025-11-20T11:00:42","date_gmt":"2025-11-20T02:00:42","guid":{"rendered":"https:\/\/www.stg.jpnap.net\/home\/?post_type=notice_ja&#038;p=579"},"modified":"2025-11-20T11:10:31","
[2025-12-25T03:15:39+00:00] jpnap api json decode error: No error
[2025-12-25T03:15:53+00:00] jpnap api status: 200
[2025-12-25T03:15:53+00:00] jpnap api body len: 145453
[2025-12-25T03:15:53+00:00] jpnap api body head: {"0":{"id":579,"date":"2025-11-20T11:00:42","date_gmt":"2025-11-20T02:00:42","guid":{"rendered":"https:\/\/www.stg.jpnap.net\/home\/?post_type=notice_ja&#038;p=579"},"modified":"2025-11-20T11:10:31","
[2025-12-25T03:15:53+00:00] jpnap api json decode error: No error
[2025-12-25T03:15:53+00:00] jpnap api status: 200
[2025-12-25T03:15:53+00:00] jpnap api body len: 145453
[2025-12-25T03:15:53+00:00] jpnap api body head: {"0":{"id":579,"date":"2025-11-20T11:00:42","date_gmt":"2025-11-20T02:00:42","guid":{"rendered":"https:\/\/www.stg.jpnap.net\/home\/?post_type=notice_ja&#038;p=579"},"modified":"2025-11-20T11:10:31","
[2025-12-25T03:15:53+00:00] jpnap api json decode error: No error
[2025-12-25T03:15:53+00:00] jpnap api status: 200
[2025-12-25T03:15:53+00:00] jpnap api body len: 145453
[2025-12-25T03:15:53+00:00] jpnap api body head: {"0":{"id":579,"date":"2025-11-20T11:00:42","date_gmt":"2025-11-20T02:00:42","guid":{"rendered":"https:\/\/www.stg.jpnap.net\/home\/?post_type=notice_ja&#038;p=579"},"modified":"2025-11-20T11:10:31","
[2025-12-25T03:15:53+00:00] jpnap api json decode error: No error
[2025-12-25T03:16:03+00:00] jpnap api status: 200
[2025-12-25T03:16:03+00:00] jpnap api body len: 145453
[2025-12-25T03:16:03+00:00] jpnap api body head: {"0":{"id":579,"date":"2025-11-20T11:00:42","date_gmt":"2025-11-20T02:00:42","guid":{"rendered":"https:\/\/www.stg.jpnap.net\/home\/?post_type=notice_ja&#038;p=579"},"modified":"2025-11-20T11:10:31","
[2025-12-25T03:16:03+00:00] jpnap api json decode error: No error
[2025-12-25T03:16:03+00:00] jpnap api status: 200
[2025-12-25T03:16:03+00:00] jpnap api body len: 145453
[2025-12-25T03:16:03+00:00] jpnap api body head: {"0":{"id":579,"date":"2025-11-20T11:00:42","date_gmt":"2025-11-20T02:00:42","guid":{"rendered":"https:\/\/www.stg.jpnap.net\/home\/?post_type=notice_ja&#038;p=579"},"modified":"2025-11-20T11:10:31","
[2025-12-25T03:16:03+00:00] jpnap api json decode error: No error
[2025-12-25T03:16:08+00:00] jpnap api status: 200
[2025-12-25T03:16:08+00:00] jpnap api body len: 145453
[2025-12-25T03:16:08+00:00] jpnap api body head: {"0":{"id":579,"date":"2025-11-20T11:00:42","date_gmt":"2025-11-20T02:00:42","guid":{"rendered":"https:\/\/www.stg.jpnap.net\/home\/?post_type=notice_ja&#038;p=579"},"modified":"2025-11-20T11:10:31","
[2025-12-25T03:16:08+00:00] jpnap api json decode error: No error
[2025-12-25T03:16:08+00:00] jpnap api status: 200
[2025-12-25T03:16:08+00:00] jpnap api body len: 145453
[2025-12-25T03:16:08+00:00] jpnap api body head: {"0":{"id":579,"date":"2025-11-20T11:00:42","date_gmt":"2025-11-20T02:00:42","guid":{"rendered":"https:\/\/www.stg.jpnap.net\/home\/?post_type=notice_ja&#038;p=579"},"modified":"2025-11-20T11:10:31","
[2025-12-25T03:16:08+00:00] jpnap api json decode error: No error
[2025-12-25T03:16:09+00:00] jpnap api status: 200
[2025-12-25T03:16:09+00:00] jpnap api body len: 145453
[2025-12-25T03:16:09+00:00] jpnap api body head: {"0":{"id":579,"date":"2025-11-20T11:00:42","date_gmt":"2025-11-20T02:00:42","guid":{"rendered":"https:\/\/www.stg.jpnap.net\/home\/?post_type=notice_ja&#038;p=579"},"modified":"2025-11-20T11:10:31","
[2025-12-25T03:16:09+00:00] jpnap api json decode error: No error
[2025-12-25T03:16:31+00:00] jpnap api status: 200
[2025-12-25T03:16:31+00:00] jpnap api body len: 145453
[2025-12-25T03:16:31+00:00] jpnap api body head: {"0":{"id":579,"date":"2025-11-20T11:00:42","date_gmt":"2025-11-20T02:00:42","guid":{"rendered":"https:\/\/www.stg.jpnap.net\/home\/?post_type=notice_ja&#038;p=579"},"modified":"2025-11-20T11:10:31","
[2025-12-25T03:16:31+00:00] jpnap api json decode error: No error
[2025-12-25T03:16:31+00:00] jpnap api status: 200
[2025-12-25T03:16:31+00:00] jpnap api body len: 145453
[2025-12-25T03:16:31+00:00] jpnap api body head: {"0":{"id":579,"date":"2025-11-20T11:00:42","date_gmt":"2025-11-20T02:00:42","guid":{"rendered":"https:\/\/www.stg.jpnap.net\/home\/?post_type=notice_ja&#038;p=579"},"modified":"2025-11-20T11:10:31","
[2025-12-25T03:16:31+00:00] jpnap api json decode error: No error
[2025-12-25T03:16:41+00:00] jpnap api status: 200
[2025-12-25T03:16:41+00:00] jpnap api body len: 145453
[2025-12-25T03:16:41+00:00] jpnap api body head: {"0":{"id":579,"date":"2025-11-20T11:00:42","date_gmt":"2025-11-20T02:00:42","guid":{"rendered":"https:\/\/www.stg.jpnap.net\/home\/?post_type=notice_ja&#038;p=579"},"modified":"2025-11-20T11:10:31","
[2025-12-25T03:16:41+00:00] jpnap api json decode error: No error
[2025-12-25T03:16:41+00:00] jpnap api status: 200
[2025-12-25T03:16:41+00:00] jpnap api body len: 145453
[2025-12-25T03:16:41+00:00] jpnap api body head: {"0":{"id":579,"date":"2025-11-20T11:00:42","date_gmt":"2025-11-20T02:00:42","guid":{"rendered":"https:\/\/www.stg.jpnap.net\/home\/?post_type=notice_ja&#038;p=579"},"modified":"2025-11-20T11:10:31","
[2025-12-25T03:16:41+00:00] jpnap api json decode error: No error
[2025-12-25T03:16:41+00:00] jpnap api status: 200
[2025-12-25T03:16:41+00:00] jpnap api body len: 145453
[2025-12-25T03:16:41+00:00] jpnap api body head: {"0":{"id":579,"date":"2025-11-20T11:00:42","date_gmt":"2025-11-20T02:00:42","guid":{"rendered":"https:\/\/www.stg.jpnap.net\/home\/?post_type=notice_ja&#038;p=579"},"modified":"2025-11-20T11:10:31","
[2025-12-25T03:16:41+00:00] jpnap api json decode error: No error
[2025-12-25T03:17:10+00:00] jpnap api status: 200
[2025-12-25T03:17:10+00:00] jpnap api body len: 145453
[2025-12-25T03:17:10+00:00] jpnap api body head: {"0":{"id":579,"date":"2025-11-20T11:00:42","date_gmt":"2025-11-20T02:00:42","guid":{"rendered":"https:\/\/www.stg.jpnap.net\/home\/?post_type=notice_ja&#038;p=579"},"modified":"2025-11-20T11:10:31","
[2025-12-25T03:17:10+00:00] jpnap api json decode error: No error
[2025-12-25T03:17:10+00:00] jpnap api status: 200
[2025-12-25T03:17:10+00:00] jpnap api body len: 145453
[2025-12-25T03:17:10+00:00] jpnap api body head: {"0":{"id":579,"date":"2025-11-20T11:00:42","date_gmt":"2025-11-20T02:00:42","guid":{"rendered":"https:\/\/www.stg.jpnap.net\/home\/?post_type=notice_ja&#038;p=579"},"modified":"2025-11-20T11:10:31","
[2025-12-25T03:17:10+00:00] jpnap api json decode error: No error
[2025-12-25T03:17:16+00:00] jpnap api status: 200
[2025-12-25T03:17:16+00:00] jpnap api body len: 145453
[2025-12-25T03:17:16+00:00] jpnap api body head: {"0":{"id":579,"date":"2025-11-20T11:00:42","date_gmt":"2025-11-20T02:00:42","guid":{"rendered":"https:\/\/www.stg.jpnap.net\/home\/?post_type=notice_ja&#038;p=579"},"modified":"2025-11-20T11:10:31","
[2025-12-25T03:17:16+00:00] jpnap api json decode error: No error
[2025-12-25T03:17:27+00:00] jpnap api status: 200
[2025-12-25T03:17:27+00:00] jpnap api body len: 145453
[2025-12-25T03:17:27+00:00] jpnap api body head: {"0":{"id":579,"date":"2025-11-20T11:00:42","date_gmt":"2025-11-20T02:00:42","guid":{"rendered":"https:\/\/www.stg.jpnap.net\/home\/?post_type=notice_ja&#038;p=579"},"modified":"2025-11-20T11:10:31","
[2025-12-25T03:17:27+00:00] jpnap api json decode error: No error
[2025-12-25T03:17:27+00:00] jpnap api status: 200
[2025-12-25T03:17:27+00:00] jpnap api body len: 145453
[2025-12-25T03:17:27+00:00] jpnap api body head: {"0":{"id":579,"date":"2025-11-20T11:00:42","date_gmt":"2025-11-20T02:00:42","guid":{"rendered":"https:\/\/www.stg.jpnap.net\/home\/?post_type=notice_ja&#038;p=579"},"modified":"2025-11-20T11:10:31","
[2025-12-25T03:17:27+00:00] jpnap api json decode error: No error
[2025-12-25T03:17:36+00:00] jpnap api status: 200
[2025-12-25T03:17:36+00:00] jpnap api body len: 145453
[2025-12-25T03:17:36+00:00] jpnap api body head: {"0":{"id":579,"date":"2025-11-20T11:00:42","date_gmt":"2025-11-20T02:00:42","guid":{"rendered":"https:\/\/www.stg.jpnap.net\/home\/?post_type=notice_ja&#038;p=579"},"modified":"2025-11-20T11:10:31","
[2025-12-25T03:17:36+00:00] jpnap api json decode error: No error
[2025-12-25T03:17:45+00:00] jpnap api status: 200
[2025-12-25T03:17:45+00:00] jpnap api body len: 145453
[2025-12-25T03:17:45+00:00] jpnap api body head: {"0":{"id":579,"date":"2025-11-20T11:00:42","date_gmt":"2025-11-20T02:00:42","guid":{"rendered":"https:\/\/www.stg.jpnap.net\/home\/?post_type=notice_ja&#038;p=579"},"modified":"2025-11-20T11:10:31","
[2025-12-25T03:17:45+00:00] jpnap api json decode error: No error
[2025-12-25T03:17:45+00:00] jpnap api status: 200
[2025-12-25T03:17:45+00:00] jpnap api body len: 145453
[2025-12-25T03:17:45+00:00] jpnap api body head: {"0":{"id":579,"date":"2025-11-20T11:00:42","date_gmt":"2025-11-20T02:00:42","guid":{"rendered":"https:\/\/www.stg.jpnap.net\/home\/?post_type=notice_ja&#038;p=579"},"modified":"2025-11-20T11:10:31","
[2025-12-25T03:17:45+00:00] jpnap api json decode error: No error
[2025-12-25T03:17:52+00:00] jpnap api status: 200
[2025-12-25T03:17:52+00:00] jpnap api body len: 145453
[2025-12-25T03:17:52+00:00] jpnap api body head: {"0":{"id":579,"date":"2025-11-20T11:00:42","date_gmt":"2025-11-20T02:00:42","guid":{"rendered":"https:\/\/www.stg.jpnap.net\/home\/?post_type=notice_ja&#038;p=579"},"modified":"2025-11-20T11:10:31","
[2025-12-25T03:17:52+00:00] jpnap api json decode error: No error
[2025-12-25T03:18:10+00:00] jpnap api status: 200
[2025-12-25T03:18:10+00:00] jpnap api body len: 145453
[2025-12-25T03:18:10+00:00] jpnap api body head: {"0":{"id":579,"date":"2025-11-20T11:00:42","date_gmt":"2025-11-20T02:00:42","guid":{"rendered":"https:\/\/www.stg.jpnap.net\/home\/?post_type=notice_ja&#038;p=579"},"modified":"2025-11-20T11:10:31","
[2025-12-25T03:18:10+00:00] jpnap api json decode error: No error
[2025-12-25T03:18:10+00:00] jpnap api status: 200
[2025-12-25T03:18:10+00:00] jpnap api body len: 145453
[2025-12-25T03:18:10+00:00] jpnap api body head: {"0":{"id":579,"date":"2025-11-20T11:00:42","date_gmt":"2025-11-20T02:00:42","guid":{"rendered":"https:\/\/www.stg.jpnap.net\/home\/?post_type=notice_ja&#038;p=579"},"modified":"2025-11-20T11:10:31","
[2025-12-25T03:18:10+00:00] jpnap api json decode error: No error
[2025-12-25T03:18:20+00:00] jpnap api status: 200
[2025-12-25T03:18:20+00:00] jpnap api body len: 145453
[2025-12-25T03:18:20+00:00] jpnap api body head: {"0":{"id":579,"date":"2025-11-20T11:00:42","date_gmt":"2025-11-20T02:00:42","guid":{"rendered":"https:\/\/www.stg.jpnap.net\/home\/?post_type=notice_ja&#038;p=579"},"modified":"2025-11-20T11:10:31","
[2025-12-25T03:18:20+00:00] jpnap api json decode error: No error
[2025-12-25T03:19:56+00:00] jpnap api status: 200
[2025-12-25T03:19:56+00:00] jpnap api body len: 145453
[2025-12-25T03:19:56+00:00] jpnap api body head: {"0":{"id":579,"date":"2025-11-20T11:00:42","date_gmt":"2025-11-20T02:00:42","guid":{"rendered":"https:\/\/www.stg.jpnap.net\/home\/?post_type=notice_ja&#038;p=579"},"modified":"2025-11-20T11:10:31","
[2025-12-25T03:19:56+00:00] jpnap api json decode error: No error
[2025-12-25T03:19:56+00:00] jpnap api status: 200
[2025-12-25T03:19:56+00:00] jpnap api body len: 145453
[2025-12-25T03:19:56+00:00] jpnap api body head: {"0":{"id":579,"date":"2025-11-20T11:00:42","date_gmt":"2025-11-20T02:00:42","guid":{"rendered":"https:\/\/www.stg.jpnap.net\/home\/?post_type=notice_ja&#038;p=579"},"modified":"2025-11-20T11:10:31","
[2025-12-25T03:19:56+00:00] jpnap api json decode error: No error
[2025-12-25T03:20:04+00:00] jpnap api status: 200
[2025-12-25T03:20:04+00:00] jpnap api body len: 145453
[2025-12-25T03:20:04+00:00] jpnap api body head: {"0":{"id":579,"date":"2025-11-20T11:00:42","date_gmt":"2025-11-20T02:00:42","guid":{"rendered":"https:\/\/www.stg.jpnap.net\/home\/?post_type=notice_ja&#038;p=579"},"modified":"2025-11-20T11:10:31","
[2025-12-25T03:20:04+00:00] jpnap api json decode error: No error
[2025-12-25T03:20:04+00:00] jpnap api status: 200
[2025-12-25T03:20:04+00:00] jpnap api body len: 145453
[2025-12-25T03:20:04+00:00] jpnap api body head: {"0":{"id":579,"date":"2025-11-20T11:00:42","date_gmt":"2025-11-20T02:00:42","guid":{"rendered":"https:\/\/www.stg.jpnap.net\/home\/?post_type=notice_ja&#038;p=579"},"modified":"2025-11-20T11:10:31","
[2025-12-25T03:20:04+00:00] jpnap api json decode error: No error
[2025-12-25T03:20:04+00:00] jpnap api status: 200
[2025-12-25T03:20:04+00:00] jpnap api body len: 145453
[2025-12-25T03:20:04+00:00] jpnap api body head: {"0":{"id":579,"date":"2025-11-20T11:00:42","date_gmt":"2025-11-20T02:00:42","guid":{"rendered":"https:\/\/www.stg.jpnap.net\/home\/?post_type=notice_ja&#038;p=579"},"modified":"2025-11-20T11:10:31","
[2025-12-25T03:20:04+00:00] jpnap api json decode error: No error
[2025-12-25T03:20:04+00:00] jpnap api status: 200
[2025-12-25T03:20:04+00:00] jpnap api body len: 145453
[2025-12-25T03:20:04+00:00] jpnap api body head: {"0":{"id":579,"date":"2025-11-20T11:00:42","date_gmt":"2025-11-20T02:00:42","guid":{"rendered":"https:\/\/www.stg.jpnap.net\/home\/?post_type=notice_ja&#038;p=579"},"modified":"2025-11-20T11:10:31","
[2025-12-25T03:20:04+00:00] jpnap api json decode error: No error
[2025-12-25T03:20:04+00:00] jpnap api status: 200
[2025-12-25T03:20:04+00:00] jpnap api body len: 145453
[2025-12-25T03:20:04+00:00] jpnap api body head: {"0":{"id":579,"date":"2025-11-20T11:00:42","date_gmt":"2025-11-20T02:00:42","guid":{"rendered":"https:\/\/www.stg.jpnap.net\/home\/?post_type=notice_ja&#038;p=579"},"modified":"2025-11-20T11:10:31","
[2025-12-25T03:20:04+00:00] jpnap api json decode error: No error
[2025-12-25T03:20:10+00:00] jpnap api status: 200
[2025-12-25T03:20:10+00:00] jpnap api body len: 145453
[2025-12-25T03:20:10+00:00] jpnap api body head: {"0":{"id":579,"date":"2025-11-20T11:00:42","date_gmt":"2025-11-20T02:00:42","guid":{"rendered":"https:\/\/www.stg.jpnap.net\/home\/?post_type=notice_ja&#038;p=579"},"modified":"2025-11-20T11:10:31","
[2025-12-25T03:20:10+00:00] jpnap api json decode error: No error
[2025-12-25T03:20:11+00:00] jpnap api status: 200
[2025-12-25T03:20:11+00:00] jpnap api body len: 145453
[2025-12-25T03:20:11+00:00] jpnap api body head: {"0":{"id":579,"date":"2025-11-20T11:00:42","date_gmt":"2025-11-20T02:00:42","guid":{"rendered":"https:\/\/www.stg.jpnap.net\/home\/?post_type=notice_ja&#038;p=579"},"modified":"2025-11-20T11:10:31","
[2025-12-25T03:20:11+00:00] jpnap api json decode error: No error
[2025-12-25T03:20:18+00:00] jpnap api status: 200
[2025-12-25T03:20:18+00:00] jpnap api body len: 145453
[2025-12-25T03:20:18+00:00] jpnap api body head: {"0":{"id":579,"date":"2025-11-20T11:00:42","date_gmt":"2025-11-20T02:00:42","guid":{"rendered":"https:\/\/www.stg.jpnap.net\/home\/?post_type=notice_ja&#038;p=579"},"modified":"2025-11-20T11:10:31","
[2025-12-25T03:20:18+00:00] jpnap api json decode error: No error
[2025-12-25T03:20:47+00:00] jpnap api status: 200
[2025-12-25T03:20:47+00:00] jpnap api body len: 145453
[2025-12-25T03:20:47+00:00] jpnap api body head: {"0":{"id":579,"date":"2025-11-20T11:00:42","date_gmt":"2025-11-20T02:00:42","guid":{"rendered":"https:\/\/www.stg.jpnap.net\/home\/?post_type=notice_ja&#038;p=579"},"modified":"2025-11-20T11:10:31","
[2025-12-25T03:20:47+00:00] jpnap api json decode error: No error
[2025-12-25T03:20:47+00:00] jpnap api status: 200
[2025-12-25T03:20:47+00:00] jpnap api body len: 145453
[2025-12-25T03:20:47+00:00] jpnap api body head: {"0":{"id":579,"date":"2025-11-20T11:00:42","date_gmt":"2025-11-20T02:00:42","guid":{"rendered":"https:\/\/www.stg.jpnap.net\/home\/?post_type=notice_ja&#038;p=579"},"modified":"2025-11-20T11:10:31","
[2025-12-25T03:20:47+00:00] jpnap api json decode error: No error
[2025-12-25T03:20:54+00:00] jpnap api status: 200
[2025-12-25T03:20:54+00:00] jpnap api body len: 145453
[2025-12-25T03:20:54+00:00] jpnap api body head: {"0":{"id":579,"date":"2025-11-20T11:00:42","date_gmt":"2025-11-20T02:00:42","guid":{"rendered":"https:\/\/www.stg.jpnap.net\/home\/?post_type=notice_ja&#038;p=579"},"modified":"2025-11-20T11:10:31","
[2025-12-25T03:20:54+00:00] jpnap api json decode error: No error
[2025-12-25T03:20:54+00:00] jpnap api status: 200
[2025-12-25T03:20:54+00:00] jpnap api body len: 145453
[2025-12-25T03:20:54+00:00] jpnap api body head: {"0":{"id":579,"date":"2025-11-20T11:00:42","date_gmt":"2025-11-20T02:00:42","guid":{"rendered":"https:\/\/www.stg.jpnap.net\/home\/?post_type=notice_ja&#038;p=579"},"modified":"2025-11-20T11:10:31","
[2025-12-25T03:20:54+00:00] jpnap api json decode error: No error
[2025-12-25T03:21:01+00:00] jpnap api status: 200
[2025-12-25T03:21:01+00:00] jpnap api body len: 145453
[2025-12-25T03:21:01+00:00] jpnap api body head: {"0":{"id":579,"date":"2025-11-20T11:00:42","date_gmt":"2025-11-20T02:00:42","guid":{"rendered":"https:\/\/www.stg.jpnap.net\/home\/?post_type=notice_ja&#038;p=579"},"modified":"2025-11-20T11:10:31","
[2025-12-25T03:21:01+00:00] jpnap api json decode error: No error
[2025-12-25T03:21:02+00:00] jpnap api status: 200
[2025-12-25T03:21:02+00:00] jpnap api body len: 145453
[2025-12-25T03:21:02+00:00] jpnap api body head: {"0":{"id":579,"date":"2025-11-20T11:00:42","date_gmt":"2025-11-20T02:00:42","guid":{"rendered":"https:\/\/www.stg.jpnap.net\/home\/?post_type=notice_ja&#038;p=579"},"modified":"2025-11-20T11:10:31","
[2025-12-25T03:21:02+00:00] jpnap api json decode error: No error
[2025-12-25T03:21:02+00:00] jpnap api status: 200
[2025-12-25T03:21:02+00:00] jpnap api body len: 145453
[2025-12-25T03:21:02+00:00] jpnap api body head: {"0":{"id":579,"date":"2025-11-20T11:00:42","date_gmt":"2025-11-20T02:00:42","guid":{"rendered":"https:\/\/www.stg.jpnap.net\/home\/?post_type=notice_ja&#038;p=579"},"modified":"2025-11-20T11:10:31","
[2025-12-25T03:21:02+00:00] jpnap api json decode error: No error
[2025-12-25T03:21:23+00:00] jpnap api status: 200
[2025-12-25T03:21:23+00:00] jpnap api body len: 145453
[2025-12-25T03:21:23+00:00] jpnap api body head: {"0":{"id":579,"date":"2025-11-20T11:00:42","date_gmt":"2025-11-20T02:00:42","guid":{"rendered":"https:\/\/www.stg.jpnap.net\/home\/?post_type=notice_ja&#038;p=579"},"modified":"2025-11-20T11:10:31","
[2025-12-25T03:21:23+00:00] jpnap api json decode error: No error
[2025-12-25T03:21:24+00:00] jpnap api status: 200
[2025-12-25T03:21:24+00:00] jpnap api body len: 145453
[2025-12-25T03:21:24+00:00] jpnap api body head: {"0":{"id":579,"date":"2025-11-20T11:00:42","date_gmt":"2025-11-20T02:00:42","guid":{"rendered":"https:\/\/www.stg.jpnap.net\/home\/?post_type=notice_ja&#038;p=579"},"modified":"2025-11-20T11:10:31","
[2025-12-25T03:21:24+00:00] jpnap api json decode error: No error
[2025-12-25T03:21:28+00:00] jpnap api status: 200
[2025-12-25T03:21:28+00:00] jpnap api body len: 145453
[2025-12-25T03:21:28+00:00] jpnap api body head: {"0":{"id":579,"date":"2025-11-20T11:00:42","date_gmt":"2025-11-20T02:00:42","guid":{"rendered":"https:\/\/www.stg.jpnap.net\/home\/?post_type=notice_ja&#038;p=579"},"modified":"2025-11-20T11:10:31","
[2025-12-25T03:21:28+00:00] jpnap api json decode error: No error
[2025-12-25T03:21:29+00:00] jpnap api status: 200
[2025-12-25T03:21:29+00:00] jpnap api body len: 145453
[2025-12-25T03:21:29+00:00] jpnap api body head: {"0":{"id":579,"date":"2025-11-20T11:00:42","date_gmt":"2025-11-20T02:00:42","guid":{"rendered":"https:\/\/www.stg.jpnap.net\/home\/?post_type=notice_ja&#038;p=579"},"modified":"2025-11-20T11:10:31","
[2025-12-25T03:21:29+00:00] jpnap api json decode error: No error
[2025-12-25T03:21:29+00:00] jpnap api status: 200
[2025-12-25T03:21:29+00:00] jpnap api body len: 145453
[2025-12-25T03:21:29+00:00] jpnap api body head: {"0":{"id":579,"date":"2025-11-20T11:00:42","date_gmt":"2025-11-20T02:00:42","guid":{"rendered":"https:\/\/www.stg.jpnap.net\/home\/?post_type=notice_ja&#038;p=579"},"modified":"2025-11-20T11:10:31","
[2025-12-25T03:21:29+00:00] jpnap api json decode error: No error
[2025-12-25T03:21:29+00:00] jpnap api status: 200
[2025-12-25T03:21:29+00:00] jpnap api body len: 145453
[2025-12-25T03:21:29+00:00] jpnap api body head: {"0":{"id":579,"date":"2025-11-20T11:00:42","date_gmt":"2025-11-20T02:00:42","guid":{"rendered":"https:\/\/www.stg.jpnap.net\/home\/?post_type=notice_ja&#038;p=579"},"modified":"2025-11-20T11:10:31","
[2025-12-25T03:21:29+00:00] jpnap api json decode error: No error
[2025-12-25T03:21:29+00:00] jpnap api status: 200
[2025-12-25T03:21:29+00:00] jpnap api body len: 145453
[2025-12-25T03:21:29+00:00] jpnap api body head: {"0":{"id":579,"date":"2025-11-20T11:00:42","date_gmt":"2025-11-20T02:00:42","guid":{"rendered":"https:\/\/www.stg.jpnap.net\/home\/?post_type=notice_ja&#038;p=579"},"modified":"2025-11-20T11:10:31","
[2025-12-25T03:21:29+00:00] jpnap api json decode error: No error
[2025-12-25T03:21:29+00:00] jpnap api status: 200
[2025-12-25T03:21:29+00:00] jpnap api body len: 145453
[2025-12-25T03:21:29+00:00] jpnap api body head: {"0":{"id":579,"date":"2025-11-20T11:00:42","date_gmt":"2025-11-20T02:00:42","guid":{"rendered":"https:\/\/www.stg.jpnap.net\/home\/?post_type=notice_ja&#038;p=579"},"modified":"2025-11-20T11:10:31","
[2025-12-25T03:21:29+00:00] jpnap api json decode error: No error
[2025-12-25T03:21:31+00:00] jpnap api status: 200
[2025-12-25T03:21:31+00:00] jpnap api body len: 145453
[2025-12-25T03:21:31+00:00] jpnap api body head: {"0":{"id":579,"date":"2025-11-20T11:00:42","date_gmt":"2025-11-20T02:00:42","guid":{"rendered":"https:\/\/www.stg.jpnap.net\/home\/?post_type=notice_ja&#038;p=579"},"modified":"2025-11-20T11:10:31","
[2025-12-25T03:21:31+00:00] jpnap api json decode error: No error
[2025-12-25T03:21:31+00:00] jpnap api status: 200
[2025-12-25T03:21:31+00:00] jpnap api body len: 145453
[2025-12-25T03:21:31+00:00] jpnap api body head: {"0":{"id":579,"date":"2025-11-20T11:00:42","date_gmt":"2025-11-20T02:00:42","guid":{"rendered":"https:\/\/www.stg.jpnap.net\/home\/?post_type=notice_ja&#038;p=579"},"modified":"2025-11-20T11:10:31","
[2025-12-25T03:21:31+00:00] jpnap api json decode error: No error
[2025-12-25T03:21:32+00:00] jpnap api status: 200
[2025-12-25T03:21:32+00:00] jpnap api body len: 145453
[2025-12-25T03:21:32+00:00] jpnap api body head: {"0":{"id":579,"date":"2025-11-20T11:00:42","date_gmt":"2025-11-20T02:00:42","guid":{"rendered":"https:\/\/www.stg.jpnap.net\/home\/?post_type=notice_ja&#038;p=579"},"modified":"2025-11-20T11:10:31","
[2025-12-25T03:21:32+00:00] jpnap api json decode error: No error
[2025-12-25T03:22:16+00:00] jpnap api status: 200
[2025-12-25T03:22:16+00:00] jpnap api body len: 145453
[2025-12-25T03:22:16+00:00] jpnap api body head: {"0":{"id":579,"date":"2025-11-20T11:00:42","date_gmt":"2025-11-20T02:00:42","guid":{"rendered":"https:\/\/www.stg.jpnap.net\/home\/?post_type=notice_ja&#038;p=579"},"modified":"2025-11-20T11:10:31","
[2025-12-25T03:22:16+00:00] jpnap api json decode error: No error
[2025-12-25T03:22:17+00:00] jpnap api status: 200
[2025-12-25T03:22:17+00:00] jpnap api body len: 145453
[2025-12-25T03:22:17+00:00] jpnap api body head: {"0":{"id":579,"date":"2025-11-20T11:00:42","date_gmt":"2025-11-20T02:00:42","guid":{"rendered":"https:\/\/www.stg.jpnap.net\/home\/?post_type=notice_ja&#038;p=579"},"modified":"2025-11-20T11:10:31","
[2025-12-25T03:22:17+00:00] jpnap api json decode error: No error
[2025-12-25T03:22:25+00:00] jpnap api status: 200
[2025-12-25T03:22:25+00:00] jpnap api body len: 145453
[2025-12-25T03:22:25+00:00] jpnap api body head: {"0":{"id":579,"date":"2025-11-20T11:00:42","date_gmt":"2025-11-20T02:00:42","guid":{"rendered":"https:\/\/www.stg.jpnap.net\/home\/?post_type=notice_ja&#038;p=579"},"modified":"2025-11-20T11:10:31","
[2025-12-25T03:22:25+00:00] jpnap api json decode error: No error
[2025-12-25T03:22:26+00:00] jpnap api status: 200
[2025-12-25T03:22:26+00:00] jpnap api body len: 145453
[2025-12-25T03:22:26+00:00] jpnap api body head: {"0":{"id":579,"date":"2025-11-20T11:00:42","date_gmt":"2025-11-20T02:00:42","guid":{"rendered":"https:\/\/www.stg.jpnap.net\/home\/?post_type=notice_ja&#038;p=579"},"modified":"2025-11-20T11:10:31","
[2025-12-25T03:22:26+00:00] jpnap api json decode error: No error
[2025-12-25T03:22:26+00:00] jpnap api status: 200
[2025-12-25T03:22:26+00:00] jpnap api body len: 145453
[2025-12-25T03:22:26+00:00] jpnap api body head: {"0":{"id":579,"date":"2025-11-20T11:00:42","date_gmt":"2025-11-20T02:00:42","guid":{"rendered":"https:\/\/www.stg.jpnap.net\/home\/?post_type=notice_ja&#038;p=579"},"modified":"2025-11-20T11:10:31","
[2025-12-25T03:22:26+00:00] jpnap api json decode error: No error
[2025-12-25T03:22:26+00:00] jpnap api status: 200
[2025-12-25T03:22:26+00:00] jpnap api body len: 145453
[2025-12-25T03:22:26+00:00] jpnap api body head: {"0":{"id":579,"date":"2025-11-20T11:00:42","date_gmt":"2025-11-20T02:00:42","guid":{"rendered":"https:\/\/www.stg.jpnap.net\/home\/?post_type=notice_ja&#038;p=579"},"modified":"2025-11-20T11:10:31","
[2025-12-25T03:22:26+00:00] jpnap api json decode error: No error
[2025-12-25T03:22:27+00:00] jpnap api status: 200
[2025-12-25T03:22:27+00:00] jpnap api body len: 145453
[2025-12-25T03:22:27+00:00] jpnap api body head: {"0":{"id":579,"date":"2025-11-20T11:00:42","date_gmt":"2025-11-20T02:00:42","guid":{"rendered":"https:\/\/www.stg.jpnap.net\/home\/?post_type=notice_ja&#038;p=579"},"modified":"2025-11-20T11:10:31","
[2025-12-25T03:22:27+00:00] jpnap api json decode error: No error
[2025-12-25T03:22:28+00:00] jpnap api status: 200
[2025-12-25T03:22:28+00:00] jpnap api body len: 145453
[2025-12-25T03:22:28+00:00] jpnap api body head: {"0":{"id":579,"date":"2025-11-20T11:00:42","date_gmt":"2025-11-20T02:00:42","guid":{"rendered":"https:\/\/www.stg.jpnap.net\/home\/?post_type=notice_ja&#038;p=579"},"modified":"2025-11-20T11:10:31","
[2025-12-25T03:22:28+00:00] jpnap api json decode error: No error
[2025-12-25T03:22:28+00:00] jpnap api status: 200
[2025-12-25T03:22:28+00:00] jpnap api body len: 145453
[2025-12-25T03:22:28+00:00] jpnap api body head: {"0":{"id":579,"date":"2025-11-20T11:00:42","date_gmt":"2025-11-20T02:00:42","guid":{"rendered":"https:\/\/www.stg.jpnap.net\/home\/?post_type=notice_ja&#038;p=579"},"modified":"2025-11-20T11:10:31","
[2025-12-25T03:22:28+00:00] jpnap api json decode error: No error
[2025-12-25T03:22:28+00:00] jpnap api status: 200
[2025-12-25T03:22:28+00:00] jpnap api body len: 145453
[2025-12-25T03:22:28+00:00] jpnap api body head: {"0":{"id":579,"date":"2025-11-20T11:00:42","date_gmt":"2025-11-20T02:00:42","guid":{"rendered":"https:\/\/www.stg.jpnap.net\/home\/?post_type=notice_ja&#038;p=579"},"modified":"2025-11-20T11:10:31","
[2025-12-25T03:22:28+00:00] jpnap api json decode error: No error
[2025-12-25T03:22:28+00:00] jpnap api status: 200
[2025-12-25T03:22:28+00:00] jpnap api body len: 145453
[2025-12-25T03:22:28+00:00] jpnap api body head: {"0":{"id":579,"date":"2025-11-20T11:00:42","date_gmt":"2025-11-20T02:00:42","guid":{"rendered":"https:\/\/www.stg.jpnap.net\/home\/?post_type=notice_ja&#038;p=579"},"modified":"2025-11-20T11:10:31","
[2025-12-25T03:22:28+00:00] jpnap api json decode error: No error
[2025-12-25T03:23:51+00:00] jpnap api status: 200
[2025-12-25T03:23:51+00:00] jpnap api body len: 145453
[2025-12-25T03:23:51+00:00] jpnap api body head: {"0":{"id":579,"date":"2025-11-20T11:00:42","date_gmt":"2025-11-20T02:00:42","guid":{"rendered":"https:\/\/www.stg.jpnap.net\/home\/?post_type=notice_ja&#038;p=579"},"modified":"2025-11-20T11:10:31","
[2025-12-25T03:23:51+00:00] jpnap api json decode error: No error
[2025-12-25T03:23:51+00:00] jpnap api status: 200
[2025-12-25T03:23:51+00:00] jpnap api body len: 145453
[2025-12-25T03:23:51+00:00] jpnap api body head: {"0":{"id":579,"date":"2025-11-20T11:00:42","date_gmt":"2025-11-20T02:00:42","guid":{"rendered":"https:\/\/www.stg.jpnap.net\/home\/?post_type=notice_ja&#038;p=579"},"modified":"2025-11-20T11:10:31","
[2025-12-25T03:23:51+00:00] jpnap api json decode error: No error
[2025-12-25T03:23:56+00:00] jpnap api status: 200
[2025-12-25T03:23:56+00:00] jpnap api body len: 145453
[2025-12-25T03:23:56+00:00] jpnap api body head: {"0":{"id":579,"date":"2025-11-20T11:00:42","date_gmt":"2025-11-20T02:00:42","guid":{"rendered":"https:\/\/www.stg.jpnap.net\/home\/?post_type=notice_ja&#038;p=579"},"modified":"2025-11-20T11:10:31","
[2025-12-25T03:23:56+00:00] jpnap api json decode error: No error
[2025-12-25T03:24:38+00:00] jpnap api status: 200
[2025-12-25T03:24:38+00:00] jpnap api body len: 145453
[2025-12-25T03:24:38+00:00] jpnap api body head: {"0":{"id":579,"date":"2025-11-20T11:00:42","date_gmt":"2025-11-20T02:00:42","guid":{"rendered":"https:\/\/www.stg.jpnap.net\/home\/?post_type=notice_ja&#038;p=579"},"modified":"2025-11-20T11:10:31","
[2025-12-25T03:24:38+00:00] jpnap api json decode error: No error
[2025-12-25T03:24:39+00:00] jpnap api status: 200
[2025-12-25T03:24:39+00:00] jpnap api body len: 145453
[2025-12-25T03:24:39+00:00] jpnap api body head: {"0":{"id":579,"date":"2025-11-20T11:00:42","date_gmt":"2025-11-20T02:00:42","guid":{"rendered":"https:\/\/www.stg.jpnap.net\/home\/?post_type=notice_ja&#038;p=579"},"modified":"2025-11-20T11:10:31","
[2025-12-25T03:24:39+00:00] jpnap api json decode error: No error
[2025-12-25T03:24:45+00:00] jpnap api status: 200
[2025-12-25T03:24:45+00:00] jpnap api body len: 145453
[2025-12-25T03:24:45+00:00] jpnap api body head: {"0":{"id":579,"date":"2025-11-20T11:00:42","date_gmt":"2025-11-20T02:00:42","guid":{"rendered":"https:\/\/www.stg.jpnap.net\/home\/?post_type=notice_ja&#038;p=579"},"modified":"2025-11-20T11:10:31","
[2025-12-25T03:24:45+00:00] jpnap api json decode error: No error
[2025-12-25T03:25:18+00:00] jpnap api status: 200
[2025-12-25T03:25:18+00:00] jpnap api body len: 145453
[2025-12-25T03:25:18+00:00] jpnap api body head: {"0":{"id":579,"date":"2025-11-20T11:00:42","date_gmt":"2025-11-20T02:00:42","guid":{"rendered":"https:\/\/www.stg.jpnap.net\/home\/?post_type=notice_ja&#038;p=579"},"modified":"2025-11-20T11:10:31","
[2025-12-25T03:25:18+00:00] jpnap api json decode error: No error
[2025-12-25T03:25:18+00:00] jpnap api status: 200
[2025-12-25T03:25:18+00:00] jpnap api body len: 145453
[2025-12-25T03:25:18+00:00] jpnap api body head: {"0":{"id":579,"date":"2025-11-20T11:00:42","date_gmt":"2025-11-20T02:00:42","guid":{"rendered":"https:\/\/www.stg.jpnap.net\/home\/?post_type=notice_ja&#038;p=579"},"modified":"2025-11-20T11:10:31","
[2025-12-25T03:25:18+00:00] jpnap api json decode error: No error
[2025-12-25T03:25:32+00:00] jpnap api status: 200
[2025-12-25T03:25:32+00:00] jpnap api body len: 145453
[2025-12-25T03:25:32+00:00] jpnap api body head: {"0":{"id":579,"date":"2025-11-20T11:00:42","date_gmt":"2025-11-20T02:00:42","guid":{"rendered":"https:\/\/www.stg.jpnap.net\/home\/?post_type=notice_ja&#038;p=579"},"modified":"2025-11-20T11:10:31","
[2025-12-25T03:25:32+00:00] jpnap api json decode error: No error
[2025-12-25T03:25:42+00:00] jpnap api status: 200
[2025-12-25T03:25:42+00:00] jpnap api body len: 145453
[2025-12-25T03:25:42+00:00] jpnap api body head: {"0":{"id":579,"date":"2025-11-20T11:00:42","date_gmt":"2025-11-20T02:00:42","guid":{"rendered":"https:\/\/www.stg.jpnap.net\/home\/?post_type=notice_ja&#038;p=579"},"modified":"2025-11-20T11:10:31","
[2025-12-25T03:25:42+00:00] jpnap api json decode error: No error
[2025-12-25T03:25:42+00:00] jpnap api status: 200
[2025-12-25T03:25:42+00:00] jpnap api body len: 145453
[2025-12-25T03:25:42+00:00] jpnap api body head: {"0":{"id":579,"date":"2025-11-20T11:00:42","date_gmt":"2025-11-20T02:00:42","guid":{"rendered":"https:\/\/www.stg.jpnap.net\/home\/?post_type=notice_ja&#038;p=579"},"modified":"2025-11-20T11:10:31","
[2025-12-25T03:25:42+00:00] jpnap api json decode error: No error
[2025-12-25T03:25:50+00:00] jpnap api status: 200
[2025-12-25T03:25:50+00:00] jpnap api body len: 145453
[2025-12-25T03:25:50+00:00] jpnap api body head: {"0":{"id":579,"date":"2025-11-20T11:00:42","date_gmt":"2025-11-20T02:00:42","guid":{"rendered":"https:\/\/www.stg.jpnap.net\/home\/?post_type=notice_ja&#038;p=579"},"modified":"2025-11-20T11:10:31","
[2025-12-25T03:25:50+00:00] jpnap api json decode error: No error
[2025-12-25T03:26:00+00:00] jpnap api status: 200
[2025-12-25T03:26:00+00:00] jpnap api body len: 145453
[2025-12-25T03:26:00+00:00] jpnap api body head: {"0":{"id":579,"date":"2025-11-20T11:00:42","date_gmt":"2025-11-20T02:00:42","guid":{"rendered":"https:\/\/www.stg.jpnap.net\/home\/?post_type=notice_ja&#038;p=579"},"modified":"2025-11-20T11:10:31","
[2025-12-25T03:26:00+00:00] jpnap api json decode error: No error
[2025-12-25T03:26:01+00:00] jpnap api status: 200
[2025-12-25T03:26:01+00:00] jpnap api body len: 145453
[2025-12-25T03:26:01+00:00] jpnap api body head: {"0":{"id":579,"date":"2025-11-20T11:00:42","date_gmt":"2025-11-20T02:00:42","guid":{"rendered":"https:\/\/www.stg.jpnap.net\/home\/?post_type=notice_ja&#038;p=579"},"modified":"2025-11-20T11:10:31","
[2025-12-25T03:26:01+00:00] jpnap api json decode error: No error
[2025-12-25T03:26:05+00:00] jpnap api status: 200
[2025-12-25T03:26:05+00:00] jpnap api body len: 145453
[2025-12-25T03:26:05+00:00] jpnap api body head: {"0":{"id":579,"date":"2025-11-20T11:00:42","date_gmt":"2025-11-20T02:00:42","guid":{"rendered":"https:\/\/www.stg.jpnap.net\/home\/?post_type=notice_ja&#038;p=579"},"modified":"2025-11-20T11:10:31","
[2025-12-25T03:26:05+00:00] jpnap api json decode error: No error
[2025-12-25T03:26:58+00:00] jpnap api status: 200
[2025-12-25T03:26:58+00:00] jpnap api body len: 145453
[2025-12-25T03:26:58+00:00] jpnap api body head: {"0":{"id":579,"date":"2025-11-20T11:00:42","date_gmt":"2025-11-20T02:00:42","guid":{"rendered":"https:\/\/www.stg.jpnap.net\/home\/?post_type=notice_ja&#038;p=579"},"modified":"2025-11-20T11:10:31","
[2025-12-25T03:26:58+00:00] jpnap api json decode error: No error
[2025-12-25T03:26:58+00:00] jpnap api status: 200
[2025-12-25T03:26:58+00:00] jpnap api body len: 145453
[2025-12-25T03:26:58+00:00] jpnap api body head: {"0":{"id":579,"date":"2025-11-20T11:00:42","date_gmt":"2025-11-20T02:00:42","guid":{"rendered":"https:\/\/www.stg.jpnap.net\/home\/?post_type=notice_ja&#038;p=579"},"modified":"2025-11-20T11:10:31","
[2025-12-25T03:26:58+00:00] jpnap api json decode error: No error
[2025-12-25T03:27:07+00:00] jpnap api status: 200
[2025-12-25T03:27:07+00:00] jpnap api body len: 145453
[2025-12-25T03:27:07+00:00] jpnap api body head: {"0":{"id":579,"date":"2025-11-20T11:00:42","date_gmt":"2025-11-20T02:00:42","guid":{"rendered":"https:\/\/www.stg.jpnap.net\/home\/?post_type=notice_ja&#038;p=579"},"modified":"2025-11-20T11:10:31","
[2025-12-25T03:27:07+00:00] jpnap api json decode error: No error
[2025-12-25T03:27:08+00:00] jpnap api status: 200
[2025-12-25T03:27:08+00:00] jpnap api body len: 145453
[2025-12-25T03:27:08+00:00] jpnap api body head: {"0":{"id":579,"date":"2025-11-20T11:00:42","date_gmt":"2025-11-20T02:00:42","guid":{"rendered":"https:\/\/www.stg.jpnap.net\/home\/?post_type=notice_ja&#038;p=579"},"modified":"2025-11-20T11:10:31","
[2025-12-25T03:27:08+00:00] jpnap api json decode error: No error
[2025-12-25T03:27:08+00:00] jpnap api status: 200
[2025-12-25T03:27:08+00:00] jpnap api body len: 145453
[2025-12-25T03:27:08+00:00] jpnap api body head: {"0":{"id":579,"date":"2025-11-20T11:00:42","date_gmt":"2025-11-20T02:00:42","guid":{"rendered":"https:\/\/www.stg.jpnap.net\/home\/?post_type=notice_ja&#038;p=579"},"modified":"2025-11-20T11:10:31","
[2025-12-25T03:27:08+00:00] jpnap api json decode error: No error
[2025-12-25T03:27:08+00:00] jpnap api status: 200
[2025-12-25T03:27:08+00:00] jpnap api body len: 145453
[2025-12-25T03:27:08+00:00] jpnap api body head: {"0":{"id":579,"date":"2025-11-20T11:00:42","date_gmt":"2025-11-20T02:00:42","guid":{"rendered":"https:\/\/www.stg.jpnap.net\/home\/?post_type=notice_ja&#038;p=579"},"modified":"2025-11-20T11:10:31","
[2025-12-25T03:27:08+00:00] jpnap api json decode error: No error
[2025-12-25T03:27:08+00:00] jpnap api status: 200
[2025-12-25T03:27:08+00:00] jpnap api body len: 145453
[2025-12-25T03:27:08+00:00] jpnap api body head: {"0":{"id":579,"date":"2025-11-20T11:00:42","date_gmt":"2025-11-20T02:00:42","guid":{"rendered":"https:\/\/www.stg.jpnap.net\/home\/?post_type=notice_ja&#038;p=579"},"modified":"2025-11-20T11:10:31","
[2025-12-25T03:27:08+00:00] jpnap api json decode error: No error
[2025-12-25T03:27:08+00:00] jpnap api status: 200
[2025-12-25T03:27:08+00:00] jpnap api body len: 145453
[2025-12-25T03:27:08+00:00] jpnap api body head: {"0":{"id":579,"date":"2025-11-20T11:00:42","date_gmt":"2025-11-20T02:00:42","guid":{"rendered":"https:\/\/www.stg.jpnap.net\/home\/?post_type=notice_ja&#038;p=579"},"modified":"2025-11-20T11:10:31","
[2025-12-25T03:27:08+00:00] jpnap api json decode error: No error
[2025-12-25T03:27:08+00:00] jpnap api status: 200
[2025-12-25T03:27:08+00:00] jpnap api body len: 145453
[2025-12-25T03:27:08+00:00] jpnap api body head: {"0":{"id":579,"date":"2025-11-20T11:00:42","date_gmt":"2025-11-20T02:00:42","guid":{"rendered":"https:\/\/www.stg.jpnap.net\/home\/?post_type=notice_ja&#038;p=579"},"modified":"2025-11-20T11:10:31","
[2025-12-25T03:27:08+00:00] jpnap api json decode error: No error
[2025-12-25T03:27:08+00:00] jpnap api status: 200
[2025-12-25T03:27:08+00:00] jpnap api body len: 145453
[2025-12-25T03:27:08+00:00] jpnap api body head: {"0":{"id":579,"date":"2025-11-20T11:00:42","date_gmt":"2025-11-20T02:00:42","guid":{"rendered":"https:\/\/www.stg.jpnap.net\/home\/?post_type=notice_ja&#038;p=579"},"modified":"2025-11-20T11:10:31","
[2025-12-25T03:27:08+00:00] jpnap api json decode error: No error
[2025-12-25T03:27:08+00:00] jpnap api status: 200
[2025-12-25T03:27:08+00:00] jpnap api body len: 145453
[2025-12-25T03:27:08+00:00] jpnap api body head: {"0":{"id":579,"date":"2025-11-20T11:00:42","date_gmt":"2025-11-20T02:00:42","guid":{"rendered":"https:\/\/www.stg.jpnap.net\/home\/?post_type=notice_ja&#038;p=579"},"modified":"2025-11-20T11:10:31","
[2025-12-25T03:27:08+00:00] jpnap api json decode error: No error
[2025-12-25T03:27:49+00:00] jpnap api status: 200
[2025-12-25T03:27:49+00:00] jpnap api body len: 145453
[2025-12-25T03:27:49+00:00] jpnap api body head: {"0":{"id":579,"date":"2025-11-20T11:00:42","date_gmt":"2025-11-20T02:00:42","guid":{"rendered":"https:\/\/www.stg.jpnap.net\/home\/?post_type=notice_ja&#038;p=579"},"modified":"2025-11-20T11:10:31","
[2025-12-25T03:27:49+00:00] jpnap api json decode error: No error
[2025-12-25T03:27:50+00:00] jpnap api status: 200
[2025-12-25T03:27:50+00:00] jpnap api body len: 145453
[2025-12-25T03:27:50+00:00] jpnap api body head: {"0":{"id":579,"date":"2025-11-20T11:00:42","date_gmt":"2025-11-20T02:00:42","guid":{"rendered":"https:\/\/www.stg.jpnap.net\/home\/?post_type=notice_ja&#038;p=579"},"modified":"2025-11-20T11:10:31","
[2025-12-25T03:27:50+00:00] jpnap api json decode error: No error
[2025-12-25T03:27:55+00:00] jpnap api status: 200
[2025-12-25T03:27:55+00:00] jpnap api body len: 145453
[2025-12-25T03:27:55+00:00] jpnap api body head: {"0":{"id":579,"date":"2025-11-20T11:00:42","date_gmt":"2025-11-20T02:00:42","guid":{"rendered":"https:\/\/www.stg.jpnap.net\/home\/?post_type=notice_ja&#038;p=579"},"modified":"2025-11-20T11:10:31","
[2025-12-25T03:27:55+00:00] jpnap api json decode error: No error
[2025-12-25T03:27:55+00:00] jpnap api status: 200
[2025-12-25T03:27:55+00:00] jpnap api body len: 145453
[2025-12-25T03:27:55+00:00] jpnap api body head: {"0":{"id":579,"date":"2025-11-20T11:00:42","date_gmt":"2025-11-20T02:00:42","guid":{"rendered":"https:\/\/www.stg.jpnap.net\/home\/?post_type=notice_ja&#038;p=579"},"modified":"2025-11-20T11:10:31","
[2025-12-25T03:27:55+00:00] jpnap api json decode error: No error
[2025-12-25T03:27:55+00:00] jpnap api status: 200
[2025-12-25T03:27:55+00:00] jpnap api body len: 145453
[2025-12-25T03:27:55+00:00] jpnap api body head: {"0":{"id":579,"date":"2025-11-20T11:00:42","date_gmt":"2025-11-20T02:00:42","guid":{"rendered":"https:\/\/www.stg.jpnap.net\/home\/?post_type=notice_ja&#038;p=579"},"modified":"2025-11-20T11:10:31","
[2025-12-25T03:27:55+00:00] jpnap api json decode error: No error
[2025-12-25T03:27:56+00:00] jpnap api status: 200
[2025-12-25T03:27:56+00:00] jpnap api body len: 145453
[2025-12-25T03:27:56+00:00] jpnap api body head: {"0":{"id":579,"date":"2025-11-20T11:00:42","date_gmt":"2025-11-20T02:00:42","guid":{"rendered":"https:\/\/www.stg.jpnap.net\/home\/?post_type=notice_ja&#038;p=579"},"modified":"2025-11-20T11:10:31","
[2025-12-25T03:27:56+00:00] jpnap api json decode error: No error
[2025-12-25T03:27:59+00:00] jpnap api status: 200
[2025-12-25T03:27:59+00:00] jpnap api body len: 145453
[2025-12-25T03:27:59+00:00] jpnap api body head: {"0":{"id":579,"date":"2025-11-20T11:00:42","date_gmt":"2025-11-20T02:00:42","guid":{"rendered":"https:\/\/www.stg.jpnap.net\/home\/?post_type=notice_ja&#038;p=579"},"modified":"2025-11-20T11:10:31","
[2025-12-25T03:27:59+00:00] jpnap api json decode error: No error
[2025-12-25T03:28:07+00:00] jpnap api status: 200
[2025-12-25T03:28:07+00:00] jpnap api body len: 145453
[2025-12-25T03:28:07+00:00] jpnap api body head: {"0":{"id":579,"date":"2025-11-20T11:00:42","date_gmt":"2025-11-20T02:00:42","guid":{"rendered":"https:\/\/www.stg.jpnap.net\/home\/?post_type=notice_ja&#038;p=579"},"modified":"2025-11-20T11:10:31","
[2025-12-25T03:28:07+00:00] jpnap api json decode error: No error
[2025-12-25T03:28:08+00:00] jpnap api status: 200
[2025-12-25T03:28:08+00:00] jpnap api body len: 145453
[2025-12-25T03:28:08+00:00] jpnap api body head: {"0":{"id":579,"date":"2025-11-20T11:00:42","date_gmt":"2025-11-20T02:00:42","guid":{"rendered":"https:\/\/www.stg.jpnap.net\/home\/?post_type=notice_ja&#038;p=579"},"modified":"2025-11-20T11:10:31","
[2025-12-25T03:28:08+00:00] jpnap api json decode error: No error
[2025-12-25T03:28:12+00:00] jpnap api status: 200
[2025-12-25T03:28:12+00:00] jpnap api body len: 145453
[2025-12-25T03:28:12+00:00] jpnap api body head: {"0":{"id":579,"date":"2025-11-20T11:00:42","date_gmt":"2025-11-20T02:00:42","guid":{"rendered":"https:\/\/www.stg.jpnap.net\/home\/?post_type=notice_ja&#038;p=579"},"modified":"2025-11-20T11:10:31","
[2025-12-25T03:28:12+00:00] jpnap api json decode error: No error
[2025-12-25T03:28:12+00:00] jpnap api status: 200
[2025-12-25T03:28:12+00:00] jpnap api body len: 145453
[2025-12-25T03:28:12+00:00] jpnap api body head: {"0":{"id":579,"date":"2025-11-20T11:00:42","date_gmt":"2025-11-20T02:00:42","guid":{"rendered":"https:\/\/www.stg.jpnap.net\/home\/?post_type=notice_ja&#038;p=579"},"modified":"2025-11-20T11:10:31","
[2025-12-25T03:28:12+00:00] jpnap api json decode error: No error
[2025-12-25T03:28:12+00:00] jpnap api status: 200
[2025-12-25T03:28:12+00:00] jpnap api body len: 145453
[2025-12-25T03:28:12+00:00] jpnap api body head: {"0":{"id":579,"date":"2025-11-20T11:00:42","date_gmt":"2025-11-20T02:00:42","guid":{"rendered":"https:\/\/www.stg.jpnap.net\/home\/?post_type=notice_ja&#038;p=579"},"modified":"2025-11-20T11:10:31","
[2025-12-25T03:28:12+00:00] jpnap api json decode error: No error
[2025-12-25T03:28:12+00:00] jpnap api status: 200
[2025-12-25T03:28:12+00:00] jpnap api body len: 145453
[2025-12-25T03:28:12+00:00] jpnap api body head: {"0":{"id":579,"date":"2025-11-20T11:00:42","date_gmt":"2025-11-20T02:00:42","guid":{"rendered":"https:\/\/www.stg.jpnap.net\/home\/?post_type=notice_ja&#038;p=579"},"modified":"2025-11-20T11:10:31","
[2025-12-25T03:28:12+00:00] jpnap api json decode error: No error
[2025-12-25T03:28:12+00:00] jpnap api status: 200
[2025-12-25T03:28:12+00:00] jpnap api body len: 145453
[2025-12-25T03:28:12+00:00] jpnap api body head: {"0":{"id":579,"date":"2025-11-20T11:00:42","date_gmt":"2025-11-20T02:00:42","guid":{"rendered":"https:\/\/www.stg.jpnap.net\/home\/?post_type=notice_ja&#038;p=579"},"modified":"2025-11-20T11:10:31","
[2025-12-25T03:28:12+00:00] jpnap api json decode error: No error
[2025-12-25T03:28:15+00:00] jpnap api status: 200
[2025-12-25T03:28:15+00:00] jpnap api body len: 145453
[2025-12-25T03:28:15+00:00] jpnap api body head: {"0":{"id":579,"date":"2025-11-20T11:00:42","date_gmt":"2025-11-20T02:00:42","guid":{"rendered":"https:\/\/www.stg.jpnap.net\/home\/?post_type=notice_ja&#038;p=579"},"modified":"2025-11-20T11:10:31","
[2025-12-25T03:28:15+00:00] jpnap api json decode error: No error
[2025-12-25T03:28:15+00:00] jpnap api status: 200
[2025-12-25T03:28:15+00:00] jpnap api body len: 145453
[2025-12-25T03:28:15+00:00] jpnap api body head: {"0":{"id":579,"date":"2025-11-20T11:00:42","date_gmt":"2025-11-20T02:00:42","guid":{"rendered":"https:\/\/www.stg.jpnap.net\/home\/?post_type=notice_ja&#038;p=579"},"modified":"2025-11-20T11:10:31","
[2025-12-25T03:28:15+00:00] jpnap api json decode error: No error
[2025-12-25T03:28:16+00:00] jpnap api status: 200
[2025-12-25T03:28:16+00:00] jpnap api body len: 145453
[2025-12-25T03:28:16+00:00] jpnap api body head: {"0":{"id":579,"date":"2025-11-20T11:00:42","date_gmt":"2025-11-20T02:00:42","guid":{"rendered":"https:\/\/www.stg.jpnap.net\/home\/?post_type=notice_ja&#038;p=579"},"modified":"2025-11-20T11:10:31","
[2025-12-25T03:28:16+00:00] jpnap api json decode error: No error
[2025-12-25T03:28:16+00:00] jpnap api status: 200
[2025-12-25T03:28:16+00:00] jpnap api body len: 145453
[2025-12-25T03:28:16+00:00] jpnap api body head: {"0":{"id":579,"date":"2025-11-20T11:00:42","date_gmt":"2025-11-20T02:00:42","guid":{"rendered":"https:\/\/www.stg.jpnap.net\/home\/?post_type=notice_ja&#038;p=579"},"modified":"2025-11-20T11:10:31","
[2025-12-25T03:28:16+00:00] jpnap api json decode error: No error
[2025-12-25T03:29:44+00:00] jpnap api status: 200
[2025-12-25T03:29:44+00:00] jpnap api body len: 145453
[2025-12-25T03:29:44+00:00] jpnap api body head: {"0":{"id":579,"date":"2025-11-20T11:00:42","date_gmt":"2025-11-20T02:00:42","guid":{"rendered":"https:\/\/www.stg.jpnap.net\/home\/?post_type=notice_ja&#038;p=579"},"modified":"2025-11-20T11:10:31","
[2025-12-25T03:29:45+00:00] jpnap api json decode error: No error
[2025-12-25T03:29:45+00:00] jpnap api status: 200
[2025-12-25T03:29:45+00:00] jpnap api body len: 145453
[2025-12-25T03:29:45+00:00] jpnap api body head: {"0":{"id":579,"date":"2025-11-20T11:00:42","date_gmt":"2025-11-20T02:00:42","guid":{"rendered":"https:\/\/www.stg.jpnap.net\/home\/?post_type=notice_ja&#038;p=579"},"modified":"2025-11-20T11:10:31","
[2025-12-25T03:29:45+00:00] jpnap api json decode error: No error
[2025-12-25T03:29:52+00:00] jpnap api status: 200
[2025-12-25T03:29:52+00:00] jpnap api body len: 145453
[2025-12-25T03:29:52+00:00] jpnap api body head: {"0":{"id":579,"date":"2025-11-20T11:00:42","date_gmt":"2025-11-20T02:00:42","guid":{"rendered":"https:\/\/www.stg.jpnap.net\/home\/?post_type=notice_ja&#038;p=579"},"modified":"2025-11-20T11:10:31","
[2025-12-25T03:29:52+00:00] jpnap api json decode error: No error
[2025-12-25T03:29:52+00:00] jpnap api status: 200
[2025-12-25T03:29:52+00:00] jpnap api body len: 145453
[2025-12-25T03:29:52+00:00] jpnap api body head: {"0":{"id":579,"date":"2025-11-20T11:00:42","date_gmt":"2025-11-20T02:00:42","guid":{"rendered":"https:\/\/www.stg.jpnap.net\/home\/?post_type=notice_ja&#038;p=579"},"modified":"2025-11-20T11:10:31","
[2025-12-25T03:29:52+00:00] jpnap api json decode error: No error
[2025-12-25T03:29:52+00:00] jpnap api status: 200
[2025-12-25T03:29:52+00:00] jpnap api body len: 145453
[2025-12-25T03:29:52+00:00] jpnap api body head: {"0":{"id":579,"date":"2025-11-20T11:00:42","date_gmt":"2025-11-20T02:00:42","guid":{"rendered":"https:\/\/www.stg.jpnap.net\/home\/?post_type=notice_ja&#038;p=579"},"modified":"2025-11-20T11:10:31","
[2025-12-25T03:29:52+00:00] jpnap api json decode error: No error
[2025-12-25T03:30:12+00:00] jpnap api status: 200
[2025-12-25T03:30:12+00:00] jpnap api body len: 145453
[2025-12-25T03:30:12+00:00] jpnap api body head: {"0":{"id":579,"date":"2025-11-20T11:00:42","date_gmt":"2025-11-20T02:00:42","guid":{"rendered":"https:\/\/www.stg.jpnap.net\/home\/?post_type=notice_ja&#038;p=579"},"modified":"2025-11-20T11:10:31","
[2025-12-25T03:30:12+00:00] jpnap api json decode error: No error
[2025-12-25T03:30:12+00:00] jpnap api status: 200
[2025-12-25T03:30:12+00:00] jpnap api body len: 145453
[2025-12-25T03:30:12+00:00] jpnap api body head: {"0":{"id":579,"date":"2025-11-20T11:00:42","date_gmt":"2025-11-20T02:00:42","guid":{"rendered":"https:\/\/www.stg.jpnap.net\/home\/?post_type=notice_ja&#038;p=579"},"modified":"2025-11-20T11:10:31","
[2025-12-25T03:30:12+00:00] jpnap api json decode error: No error
[2025-12-25T03:30:17+00:00] jpnap api status: 200
[2025-12-25T03:30:17+00:00] jpnap api body len: 145453
[2025-12-25T03:30:17+00:00] jpnap api body head: {"0":{"id":579,"date":"2025-11-20T11:00:42","date_gmt":"2025-11-20T02:00:42","guid":{"rendered":"https:\/\/www.stg.jpnap.net\/home\/?post_type=notice_ja&#038;p=579"},"modified":"2025-11-20T11:10:31","
[2025-12-25T03:30:17+00:00] jpnap api json decode error: No error
[2025-12-25T03:31:22+00:00] jpnap api status: 200
[2025-12-25T03:31:22+00:00] jpnap api body len: 145453
[2025-12-25T03:31:22+00:00] jpnap api body head: {"0":{"id":579,"date":"2025-11-20T11:00:42","date_gmt":"2025-11-20T02:00:42","guid":{"rendered":"https:\/\/www.stg.jpnap.net\/home\/?post_type=notice_ja&#038;p=579"},"modified":"2025-11-20T11:10:31","
[2025-12-25T03:31:22+00:00] jpnap api json decode error: No error
[2025-12-25T03:31:22+00:00] jpnap api status: 200
[2025-12-25T03:31:22+00:00] jpnap api body len: 145453
[2025-12-25T03:31:22+00:00] jpnap api body head: {"0":{"id":579,"date":"2025-11-20T11:00:42","date_gmt":"2025-11-20T02:00:42","guid":{"rendered":"https:\/\/www.stg.jpnap.net\/home\/?post_type=notice_ja&#038;p=579"},"modified":"2025-11-20T11:10:31","
[2025-12-25T03:31:22+00:00] jpnap api json decode error: No error
[2025-12-25T03:31:29+00:00] jpnap api status: 200
[2025-12-25T03:31:29+00:00] jpnap api body len: 145453
[2025-12-25T03:31:29+00:00] jpnap api body head: {"0":{"id":579,"date":"2025-11-20T11:00:42","date_gmt":"2025-11-20T02:00:42","guid":{"rendered":"https:\/\/www.stg.jpnap.net\/home\/?post_type=notice_ja&#038;p=579"},"modified":"2025-11-20T11:10:31","
[2025-12-25T03:31:29+00:00] jpnap api json decode error: No error
[2025-12-25T03:31:29+00:00] jpnap api status: 200
[2025-12-25T03:31:29+00:00] jpnap api body len: 145453
[2025-12-25T03:31:29+00:00] jpnap api body head: {"0":{"id":579,"date":"2025-11-20T11:00:42","date_gmt":"2025-11-20T02:00:42","guid":{"rendered":"https:\/\/www.stg.jpnap.net\/home\/?post_type=notice_ja&#038;p=579"},"modified":"2025-11-20T11:10:31","
[2025-12-25T03:31:29+00:00] jpnap api json decode error: No error
[2025-12-25T03:31:29+00:00] jpnap api status: 200
[2025-12-25T03:31:29+00:00] jpnap api body len: 145453
[2025-12-25T03:31:29+00:00] jpnap api body head: {"0":{"id":579,"date":"2025-11-20T11:00:42","date_gmt":"2025-11-20T02:00:42","guid":{"rendered":"https:\/\/www.stg.jpnap.net\/home\/?post_type=notice_ja&#038;p=579"},"modified":"2025-11-20T11:10:31","
[2025-12-25T03:31:29+00:00] jpnap api json decode error: No error
[2025-12-25T03:31:43+00:00] jpnap api status: 200
[2025-12-25T03:31:43+00:00] jpnap api body len: 145453
[2025-12-25T03:31:43+00:00] jpnap api body head: {"0":{"id":579,"date":"2025-11-20T11:00:42","date_gmt":"2025-11-20T02:00:42","guid":{"rendered":"https:\/\/www.stg.jpnap.net\/home\/?post_type=notice_ja&#038;p=579"},"modified":"2025-11-20T11:10:31","
[2025-12-25T03:31:43+00:00] jpnap api json decode error: No error
[2025-12-25T03:31:43+00:00] jpnap api status: 200
[2025-12-25T03:31:43+00:00] jpnap api body len: 145453
[2025-12-25T03:31:43+00:00] jpnap api body head: {"0":{"id":579,"date":"2025-11-20T11:00:42","date_gmt":"2025-11-20T02:00:42","guid":{"rendered":"https:\/\/www.stg.jpnap.net\/home\/?post_type=notice_ja&#038;p=579"},"modified":"2025-11-20T11:10:31","
[2025-12-25T03:31:43+00:00] jpnap api json decode error: No error
[2025-12-25T03:31:50+00:00] jpnap api status: 200
[2025-12-25T03:31:50+00:00] jpnap api body len: 145453
[2025-12-25T03:31:50+00:00] jpnap api body head: {"0":{"id":579,"date":"2025-11-20T11:00:42","date_gmt":"2025-11-20T02:00:42","guid":{"rendered":"https:\/\/www.stg.jpnap.net\/home\/?post_type=notice_ja&#038;p=579"},"modified":"2025-11-20T11:10:31","
[2025-12-25T03:31:50+00:00] jpnap api json decode error: No error
[2025-12-25T03:32:02+00:00] jpnap api status: 200
[2025-12-25T03:32:02+00:00] jpnap api body len: 145453
[2025-12-25T03:32:02+00:00] jpnap api body head: {"0":{"id":579,"date":"2025-11-20T11:00:42","date_gmt":"2025-11-20T02:00:42","guid":{"rendered":"https:\/\/www.stg.jpnap.net\/home\/?post_type=notice_ja&#038;p=579"},"modified":"2025-11-20T11:10:31","
[2025-12-25T03:32:02+00:00] jpnap api json decode error: No error
[2025-12-25T03:32:02+00:00] jpnap api status: 200
[2025-12-25T03:32:02+00:00] jpnap api body len: 145453
[2025-12-25T03:32:02+00:00] jpnap api body head: {"0":{"id":579,"date":"2025-11-20T11:00:42","date_gmt":"2025-11-20T02:00:42","guid":{"rendered":"https:\/\/www.stg.jpnap.net\/home\/?post_type=notice_ja&#038;p=579"},"modified":"2025-11-20T11:10:31","
[2025-12-25T03:32:02+00:00] jpnap api json decode error: No error
[2025-12-25T03:32:08+00:00] jpnap api status: 200
[2025-12-25T03:32:08+00:00] jpnap api body len: 145453
[2025-12-25T03:32:08+00:00] jpnap api body head: {"0":{"id":579,"date":"2025-11-20T11:00:42","date_gmt":"2025-11-20T02:00:42","guid":{"rendered":"https:\/\/www.stg.jpnap.net\/home\/?post_type=notice_ja&#038;p=579"},"modified":"2025-11-20T11:10:31","
[2025-12-25T03:32:08+00:00] jpnap api json decode error: No error
[2025-12-25T03:32:08+00:00] jpnap api status: 200
[2025-12-25T03:32:08+00:00] jpnap api body len: 145453
[2025-12-25T03:32:08+00:00] jpnap api body head: {"0":{"id":579,"date":"2025-11-20T11:00:42","date_gmt":"2025-11-20T02:00:42","guid":{"rendered":"https:\/\/www.stg.jpnap.net\/home\/?post_type=notice_ja&#038;p=579"},"modified":"2025-11-20T11:10:31","
[2025-12-25T03:32:08+00:00] jpnap api json decode error: No error
[2025-12-25T03:32:08+00:00] jpnap api status: 200
[2025-12-25T03:32:08+00:00] jpnap api body len: 145453
[2025-12-25T03:32:08+00:00] jpnap api body head: {"0":{"id":579,"date":"2025-11-20T11:00:42","date_gmt":"2025-11-20T02:00:42","guid":{"rendered":"https:\/\/www.stg.jpnap.net\/home\/?post_type=notice_ja&#038;p=579"},"modified":"2025-11-20T11:10:31","
[2025-12-25T03:32:08+00:00] jpnap api json decode error: No error
[2025-12-25T03:32:28+00:00] jpnap api status: 200
[2025-12-25T03:32:28+00:00] jpnap api body len: 145453
[2025-12-25T03:32:28+00:00] jpnap api body head: {"0":{"id":579,"date":"2025-11-20T11:00:42","date_gmt":"2025-11-20T02:00:42","guid":{"rendered":"https:\/\/www.stg.jpnap.net\/home\/?post_type=notice_ja&#038;p=579"},"modified":"2025-11-20T11:10:31","
[2025-12-25T03:32:28+00:00] jpnap api json decode error: No error
[2025-12-25T03:32:29+00:00] jpnap api status: 200
[2025-12-25T03:32:29+00:00] jpnap api body len: 145453
[2025-12-25T03:32:29+00:00] jpnap api body head: {"0":{"id":579,"date":"2025-11-20T11:00:42","date_gmt":"2025-11-20T02:00:42","guid":{"rendered":"https:\/\/www.stg.jpnap.net\/home\/?post_type=notice_ja&#038;p=579"},"modified":"2025-11-20T11:10:31","
[2025-12-25T03:32:29+00:00] jpnap api json decode error: No error
[2025-12-25T03:32:38+00:00] jpnap api status: 200
[2025-12-25T03:32:38+00:00] jpnap api body len: 145453
[2025-12-25T03:32:38+00:00] jpnap api body head: {"0":{"id":579,"date":"2025-11-20T11:00:42","date_gmt":"2025-11-20T02:00:42","guid":{"rendered":"https:\/\/www.stg.jpnap.net\/home\/?post_type=notice_ja&#038;p=579"},"modified":"2025-11-20T11:10:31","
[2025-12-25T03:32:38+00:00] jpnap api json decode error: No error
[2025-12-25T03:32:52+00:00] jpnap api status: 200
[2025-12-25T03:32:52+00:00] jpnap api body len: 145453
[2025-12-25T03:32:52+00:00] jpnap api body head: {"0":{"id":579,"date":"2025-11-20T11:00:42","date_gmt":"2025-11-20T02:00:42","guid":{"rendered":"https:\/\/www.stg.jpnap.net\/home\/?post_type=notice_ja&#038;p=579"},"modified":"2025-11-20T11:10:31","
[2025-12-25T03:32:52+00:00] jpnap api json decode error: No error
[2025-12-25T03:32:52+00:00] jpnap api status: 200
[2025-12-25T03:32:52+00:00] jpnap api body len: 145453
[2025-12-25T03:32:52+00:00] jpnap api body head: {"0":{"id":579,"date":"2025-11-20T11:00:42","date_gmt":"2025-11-20T02:00:42","guid":{"rendered":"https:\/\/www.stg.jpnap.net\/home\/?post_type=notice_ja&#038;p=579"},"modified":"2025-11-20T11:10:31","
[2025-12-25T03:32:52+00:00] jpnap api json decode error: No error
[2025-12-25T03:33:01+00:00] jpnap api status: 200
[2025-12-25T03:33:01+00:00] jpnap api body len: 145453
[2025-12-25T03:33:01+00:00] jpnap api body head: {"0":{"id":579,"date":"2025-11-20T11:00:42","date_gmt":"2025-11-20T02:00:42","guid":{"rendered":"https:\/\/www.stg.jpnap.net\/home\/?post_type=notice_ja&#038;p=579"},"modified":"2025-11-20T11:10:31","
[2025-12-25T03:33:01+00:00] jpnap api json decode error: No error
[2025-12-25T03:33:13+00:00] jpnap api status: 200
[2025-12-25T03:33:13+00:00] jpnap api body len: 145453
[2025-12-25T03:33:13+00:00] jpnap api body head: {"0":{"id":579,"date":"2025-11-20T11:00:42","date_gmt":"2025-11-20T02:00:42","guid":{"rendered":"https:\/\/www.stg.jpnap.net\/home\/?post_type=notice_ja&#038;p=579"},"modified":"2025-11-20T11:10:31","
[2025-12-25T03:33:13+00:00] jpnap api json decode error: No error
[2025-12-25T03:33:13+00:00] jpnap api status: 200
[2025-12-25T03:33:13+00:00] jpnap api body len: 145453
[2025-12-25T03:33:13+00:00] jpnap api body head: {"0":{"id":579,"date":"2025-11-20T11:00:42","date_gmt":"2025-11-20T02:00:42","guid":{"rendered":"https:\/\/www.stg.jpnap.net\/home\/?post_type=notice_ja&#038;p=579"},"modified":"2025-11-20T11:10:31","
[2025-12-25T03:33:13+00:00] jpnap api json decode error: No error
[2025-12-25T03:33:17+00:00] jpnap api status: 200
[2025-12-25T03:33:17+00:00] jpnap api body len: 145453
[2025-12-25T03:33:17+00:00] jpnap api body head: {"0":{"id":579,"date":"2025-11-20T11:00:42","date_gmt":"2025-11-20T02:00:42","guid":{"rendered":"https:\/\/www.stg.jpnap.net\/home\/?post_type=notice_ja&#038;p=579"},"modified":"2025-11-20T11:10:31","
[2025-12-25T03:33:17+00:00] jpnap api json decode error: No error
[2025-12-25T03:33:32+00:00] jpnap api status: 200
[2025-12-25T03:33:32+00:00] jpnap api body len: 145453
[2025-12-25T03:33:32+00:00] jpnap api body head: {"0":{"id":579,"date":"2025-11-20T11:00:42","date_gmt":"2025-11-20T02:00:42","guid":{"rendered":"https:\/\/www.stg.jpnap.net\/home\/?post_type=notice_ja&#038;p=579"},"modified":"2025-11-20T11:10:31","
[2025-12-25T03:33:32+00:00] jpnap api json decode error: No error
[2025-12-25T03:33:33+00:00] jpnap api status: 200
[2025-12-25T03:33:33+00:00] jpnap api body len: 145453
[2025-12-25T03:33:33+00:00] jpnap api body head: {"0":{"id":579,"date":"2025-11-20T11:00:42","date_gmt":"2025-11-20T02:00:42","guid":{"rendered":"https:\/\/www.stg.jpnap.net\/home\/?post_type=notice_ja&#038;p=579"},"modified":"2025-11-20T11:10:31","
[2025-12-25T03:33:33+00:00] jpnap api json decode error: No error
[2025-12-25T03:33:39+00:00] jpnap api status: 200
[2025-12-25T03:33:39+00:00] jpnap api body len: 145453
[2025-12-25T03:33:39+00:00] jpnap api body head: {"0":{"id":579,"date":"2025-11-20T11:00:42","date_gmt":"2025-11-20T02:00:42","guid":{"rendered":"https:\/\/www.stg.jpnap.net\/home\/?post_type=notice_ja&#038;p=579"},"modified":"2025-11-20T11:10:31","
[2025-12-25T03:33:39+00:00] jpnap api json decode error: No error
[2025-12-25T03:33:54+00:00] jpnap api status: 200
[2025-12-25T03:33:54+00:00] jpnap api body len: 145453
[2025-12-25T03:33:54+00:00] jpnap api body head: {"0":{"id":579,"date":"2025-11-20T11:00:42","date_gmt":"2025-11-20T02:00:42","guid":{"rendered":"https:\/\/www.stg.jpnap.net\/home\/?post_type=notice_ja&#038;p=579"},"modified":"2025-11-20T11:10:31","
[2025-12-25T03:33:54+00:00] jpnap api json decode error: No error
[2025-12-25T03:33:54+00:00] jpnap api status: 200
[2025-12-25T03:33:54+00:00] jpnap api body len: 145453
[2025-12-25T03:33:54+00:00] jpnap api body head: {"0":{"id":579,"date":"2025-11-20T11:00:42","date_gmt":"2025-11-20T02:00:42","guid":{"rendered":"https:\/\/www.stg.jpnap.net\/home\/?post_type=notice_ja&#038;p=579"},"modified":"2025-11-20T11:10:31","
[2025-12-25T03:33:54+00:00] jpnap api json decode error: No error
[2025-12-25T03:34:02+00:00] jpnap api status: 200
[2025-12-25T03:34:02+00:00] jpnap api body len: 145453
[2025-12-25T03:34:02+00:00] jpnap api body head: {"0":{"id":579,"date":"2025-11-20T11:00:42","date_gmt":"2025-11-20T02:00:42","guid":{"rendered":"https:\/\/www.stg.jpnap.net\/home\/?post_type=notice_ja&#038;p=579"},"modified":"2025-11-20T11:10:31","
[2025-12-25T03:34:02+00:00] jpnap api json decode error: No error
[2025-12-25T03:34:02+00:00] jpnap api status: 200
[2025-12-25T03:34:02+00:00] jpnap api body len: 145453
[2025-12-25T03:34:02+00:00] jpnap api body head: {"0":{"id":579,"date":"2025-11-20T11:00:42","date_gmt":"2025-11-20T02:00:42","guid":{"rendered":"https:\/\/www.stg.jpnap.net\/home\/?post_type=notice_ja&#038;p=579"},"modified":"2025-11-20T11:10:31","
[2025-12-25T03:34:02+00:00] jpnap api json decode error: No error
[2025-12-25T03:34:05+00:00] jpnap api status: 200
[2025-12-25T03:34:05+00:00] jpnap api body len: 145453
[2025-12-25T03:34:05+00:00] jpnap api body head: {"0":{"id":579,"date":"2025-11-20T11:00:42","date_gmt":"2025-11-20T02:00:42","guid":{"rendered":"https:\/\/www.stg.jpnap.net\/home\/?post_type=notice_ja&#038;p=579"},"modified":"2025-11-20T11:10:31","
[2025-12-25T03:34:05+00:00] jpnap api json decode error: No error
[2025-12-25T03:34:28+00:00] jpnap api status: 200
[2025-12-25T03:34:28+00:00] jpnap api body len: 145453
[2025-12-25T03:34:28+00:00] jpnap api body head: {"0":{"id":579,"date":"2025-11-20T11:00:42","date_gmt":"2025-11-20T02:00:42","guid":{"rendered":"https:\/\/www.stg.jpnap.net\/home\/?post_type=notice_ja&#038;p=579"},"modified":"2025-11-20T11:10:31","
[2025-12-25T03:34:28+00:00] jpnap api json decode error: No error
[2025-12-25T03:34:32+00:00] jpnap api status: 200
[2025-12-25T03:34:32+00:00] jpnap api body len: 145453
[2025-12-25T03:34:32+00:00] jpnap api body head: {"0":{"id":579,"date":"2025-11-20T11:00:42","date_gmt":"2025-11-20T02:00:42","guid":{"rendered":"https:\/\/www.stg.jpnap.net\/home\/?post_type=notice_ja&#038;p=579"},"modified":"2025-11-20T11:10:31","
[2025-12-25T03:34:32+00:00] jpnap api json decode error: No error
[2025-12-25T03:34:44+00:00] jpnap api status: 200
[2025-12-25T03:34:44+00:00] jpnap api body len: 145453
[2025-12-25T03:34:44+00:00] jpnap api body head: {"0":{"id":579,"date":"2025-11-20T11:00:42","date_gmt":"2025-11-20T02:00:42","guid":{"rendered":"https:\/\/www.stg.jpnap.net\/home\/?post_type=notice_ja&#038;p=579"},"modified":"2025-11-20T11:10:31","
[2025-12-25T03:34:44+00:00] jpnap api json decode error: No error
[2025-12-25T03:34:47+00:00] jpnap api status: 200
[2025-12-25T03:34:47+00:00] jpnap api body len: 145453
[2025-12-25T03:34:47+00:00] jpnap api body head: {"0":{"id":579,"date":"2025-11-20T11:00:42","date_gmt":"2025-11-20T02:00:42","guid":{"rendered":"https:\/\/www.stg.jpnap.net\/home\/?post_type=notice_ja&#038;p=579"},"modified":"2025-11-20T11:10:31","
[2025-12-25T03:34:47+00:00] jpnap api json decode error: No error
[2025-12-25T03:36:10+00:00] jpnap api status: 200
[2025-12-25T03:36:10+00:00] jpnap api body len: 145453
[2025-12-25T03:36:10+00:00] jpnap api body head: {"0":{"id":579,"date":"2025-11-20T11:00:42","date_gmt":"2025-11-20T02:00:42","guid":{"rendered":"https:\/\/www.stg.jpnap.net\/home\/?post_type=notice_ja&#038;p=579"},"modified":"2025-11-20T11:10:31","
[2025-12-25T03:36:10+00:00] jpnap api json decode error: No error
[2025-12-25T03:36:10+00:00] jpnap api status: 200
[2025-12-25T03:36:10+00:00] jpnap api body len: 145453
[2025-12-25T03:36:10+00:00] jpnap api body head: {"0":{"id":579,"date":"2025-11-20T11:00:42","date_gmt":"2025-11-20T02:00:42","guid":{"rendered":"https:\/\/www.stg.jpnap.net\/home\/?post_type=notice_ja&#038;p=579"},"modified":"2025-11-20T11:10:31","
[2025-12-25T03:36:10+00:00] jpnap api json decode error: No error
[2025-12-25T03:36:17+00:00] jpnap api status: 200
[2025-12-25T03:36:17+00:00] jpnap api body len: 145453
[2025-12-25T03:36:17+00:00] jpnap api body head: {"0":{"id":579,"date":"2025-11-20T11:00:42","date_gmt":"2025-11-20T02:00:42","guid":{"rendered":"https:\/\/www.stg.jpnap.net\/home\/?post_type=notice_ja&#038;p=579"},"modified":"2025-11-20T11:10:31","
[2025-12-25T03:36:17+00:00] jpnap api json decode error: No error
[2025-12-25T03:36:47+00:00] jpnap api status: 200
[2025-12-25T03:36:47+00:00] jpnap api body len: 145453
[2025-12-25T03:36:47+00:00] jpnap api body head: {"0":{"id":579,"date":"2025-11-20T11:00:42","date_gmt":"2025-11-20T02:00:42","guid":{"rendered":"https:\/\/www.stg.jpnap.net\/home\/?post_type=notice_ja&#038;p=579"},"modified":"2025-11-20T11:10:31","
[2025-12-25T03:36:47+00:00] jpnap api json decode error: No error
[2025-12-25T03:36:47+00:00] jpnap api status: 200
[2025-12-25T03:36:47+00:00] jpnap api body len: 145453
[2025-12-25T03:36:47+00:00] jpnap api body head: {"0":{"id":579,"date":"2025-11-20T11:00:42","date_gmt":"2025-11-20T02:00:42","guid":{"rendered":"https:\/\/www.stg.jpnap.net\/home\/?post_type=notice_ja&#038;p=579"},"modified":"2025-11-20T11:10:31","
[2025-12-25T03:36:47+00:00] jpnap api json decode error: No error
[2025-12-25T03:36:52+00:00] jpnap api status: 200
[2025-12-25T03:36:52+00:00] jpnap api body len: 145453
[2025-12-25T03:36:52+00:00] jpnap api body head: {"0":{"id":579,"date":"2025-11-20T11:00:42","date_gmt":"2025-11-20T02:00:42","guid":{"rendered":"https:\/\/www.stg.jpnap.net\/home\/?post_type=notice_ja&#038;p=579"},"modified":"2025-11-20T11:10:31","
[2025-12-25T03:36:52+00:00] jpnap api json decode error: No error
[2025-12-25T03:36:53+00:00] jpnap api status: 200
[2025-12-25T03:36:53+00:00] jpnap api body len: 145453
[2025-12-25T03:36:53+00:00] jpnap api body head: {"0":{"id":579,"date":"2025-11-20T11:00:42","date_gmt":"2025-11-20T02:00:42","guid":{"rendered":"https:\/\/www.stg.jpnap.net\/home\/?post_type=notice_ja&#038;p=579"},"modified":"2025-11-20T11:10:31","
[2025-12-25T03:36:53+00:00] jpnap api json decode error: No error
[2025-12-25T03:36:53+00:00] jpnap api status: 200
[2025-12-25T03:36:53+00:00] jpnap api body len: 145453
[2025-12-25T03:36:53+00:00] jpnap api body head: {"0":{"id":579,"date":"2025-11-20T11:00:42","date_gmt":"2025-11-20T02:00:42","guid":{"rendered":"https:\/\/www.stg.jpnap.net\/home\/?post_type=notice_ja&#038;p=579"},"modified":"2025-11-20T11:10:31","
[2025-12-25T03:36:53+00:00] jpnap api json decode error: No error
[2025-12-25T03:36:54+00:00] jpnap api status: 200
[2025-12-25T03:36:54+00:00] jpnap api body len: 145453
[2025-12-25T03:36:54+00:00] jpnap api body head: {"0":{"id":579,"date":"2025-11-20T11:00:42","date_gmt":"2025-11-20T02:00:42","guid":{"rendered":"https:\/\/www.stg.jpnap.net\/home\/?post_type=notice_ja&#038;p=579"},"modified":"2025-11-20T11:10:31","
[2025-12-25T03:36:54+00:00] jpnap api json decode error: No error
[2025-12-25T03:36:54+00:00] jpnap api status: 200
[2025-12-25T03:36:54+00:00] jpnap api body len: 145453
[2025-12-25T03:36:54+00:00] jpnap api body head: {"0":{"id":579,"date":"2025-11-20T11:00:42","date_gmt":"2025-11-20T02:00:42","guid":{"rendered":"https:\/\/www.stg.jpnap.net\/home\/?post_type=notice_ja&#038;p=579"},"modified":"2025-11-20T11:10:31","
[2025-12-25T03:36:54+00:00] jpnap api json decode error: No error
[2025-12-25T03:36:54+00:00] jpnap api status: 200
[2025-12-25T03:36:54+00:00] jpnap api body len: 145453
[2025-12-25T03:36:54+00:00] jpnap api body head: {"0":{"id":579,"date":"2025-11-20T11:00:42","date_gmt":"2025-11-20T02:00:42","guid":{"rendered":"https:\/\/www.stg.jpnap.net\/home\/?post_type=notice_ja&#038;p=579"},"modified":"2025-11-20T11:10:31","
[2025-12-25T03:36:54+00:00] jpnap api json decode error: No error
[2025-12-25T03:36:54+00:00] jpnap api status: 200
[2025-12-25T03:36:54+00:00] jpnap api body len: 145453
[2025-12-25T03:36:54+00:00] jpnap api body head: {"0":{"id":579,"date":"2025-11-20T11:00:42","date_gmt":"2025-11-20T02:00:42","guid":{"rendered":"https:\/\/www.stg.jpnap.net\/home\/?post_type=notice_ja&#038;p=579"},"modified":"2025-11-20T11:10:31","
[2025-12-25T03:36:54+00:00] jpnap api json decode error: No error
[2025-12-25T03:36:54+00:00] jpnap api status: 200
[2025-12-25T03:36:54+00:00] jpnap api body len: 145453
[2025-12-25T03:36:54+00:00] jpnap api body head: {"0":{"id":579,"date":"2025-11-20T11:00:42","date_gmt":"2025-11-20T02:00:42","guid":{"rendered":"https:\/\/www.stg.jpnap.net\/home\/?post_type=notice_ja&#038;p=579"},"modified":"2025-11-20T11:10:31","
[2025-12-25T03:36:54+00:00] jpnap api json decode error: No error
[2025-12-25T03:36:54+00:00] jpnap api status: 200
[2025-12-25T03:36:54+00:00] jpnap api body len: 145453
[2025-12-25T03:36:54+00:00] jpnap api body head: {"0":{"id":579,"date":"2025-11-20T11:00:42","date_gmt":"2025-11-20T02:00:42","guid":{"rendered":"https:\/\/www.stg.jpnap.net\/home\/?post_type=notice_ja&#038;p=579"},"modified":"2025-11-20T11:10:31","
[2025-12-25T03:36:54+00:00] jpnap api json decode error: No error
[2025-12-25T03:37:49+00:00] jpnap api status: 200
[2025-12-25T03:37:49+00:00] jpnap api body len: 145453
[2025-12-25T03:37:49+00:00] jpnap api body head: {"0":{"id":579,"date":"2025-11-20T11:00:42","date_gmt":"2025-11-20T02:00:42","guid":{"rendered":"https:\/\/www.stg.jpnap.net\/home\/?post_type=notice_ja&#038;p=579"},"modified":"2025-11-20T11:10:31","
[2025-12-25T03:37:49+00:00] jpnap api json decode error: No error
[2025-12-25T03:37:49+00:00] jpnap api status: 200
[2025-12-25T03:37:49+00:00] jpnap api body len: 145453
[2025-12-25T03:37:49+00:00] jpnap api body head: {"0":{"id":579,"date":"2025-11-20T11:00:42","date_gmt":"2025-11-20T02:00:42","guid":{"rendered":"https:\/\/www.stg.jpnap.net\/home\/?post_type=notice_ja&#038;p=579"},"modified":"2025-11-20T11:10:31","
[2025-12-25T03:37:49+00:00] jpnap api json decode error: No error
[2025-12-25T03:37:59+00:00] jpnap api status: 200
[2025-12-25T03:37:59+00:00] jpnap api body len: 145453
[2025-12-25T03:37:59+00:00] jpnap api body head: {"0":{"id":579,"date":"2025-11-20T11:00:42","date_gmt":"2025-11-20T02:00:42","guid":{"rendered":"https:\/\/www.stg.jpnap.net\/home\/?post_type=notice_ja&#038;p=579"},"modified":"2025-11-20T11:10:31","
[2025-12-25T03:37:59+00:00] jpnap api json decode error: No error
[2025-12-25T03:38:00+00:00] jpnap api status: 200
[2025-12-25T03:38:00+00:00] jpnap api body len: 145453
[2025-12-25T03:38:00+00:00] jpnap api body head: {"0":{"id":579,"date":"2025-11-20T11:00:42","date_gmt":"2025-11-20T02:00:42","guid":{"rendered":"https:\/\/www.stg.jpnap.net\/home\/?post_type=notice_ja&#038;p=579"},"modified":"2025-11-20T11:10:31","
[2025-12-25T03:38:00+00:00] jpnap api json decode error: No error
[2025-12-25T03:38:07+00:00] jpnap api status: 200
[2025-12-25T03:38:07+00:00] jpnap api body len: 145453
[2025-12-25T03:38:07+00:00] jpnap api body head: {"0":{"id":579,"date":"2025-11-20T11:00:42","date_gmt":"2025-11-20T02:00:42","guid":{"rendered":"https:\/\/www.stg.jpnap.net\/home\/?post_type=notice_ja&#038;p=579"},"modified":"2025-11-20T11:10:31","
[2025-12-25T03:38:07+00:00] jpnap api json decode error: No error
[2025-12-25T03:38:07+00:00] jpnap api status: 200
[2025-12-25T03:38:07+00:00] jpnap api body len: 145453
[2025-12-25T03:38:07+00:00] jpnap api body head: {"0":{"id":579,"date":"2025-11-20T11:00:42","date_gmt":"2025-11-20T02:00:42","guid":{"rendered":"https:\/\/www.stg.jpnap.net\/home\/?post_type=notice_ja&#038;p=579"},"modified":"2025-11-20T11:10:31","
[2025-12-25T03:38:07+00:00] jpnap api json decode error: No error
[2025-12-25T03:38:10+00:00] jpnap api status: 200
[2025-12-25T03:38:10+00:00] jpnap api body len: 145453
[2025-12-25T03:38:10+00:00] jpnap api body head: {"0":{"id":579,"date":"2025-11-20T11:00:42","date_gmt":"2025-11-20T02:00:42","guid":{"rendered":"https:\/\/www.stg.jpnap.net\/home\/?post_type=notice_ja&#038;p=579"},"modified":"2025-11-20T11:10:31","
[2025-12-25T03:38:10+00:00] jpnap api json decode error: No error
[2025-12-25T03:38:11+00:00] jpnap api status: 200
[2025-12-25T03:38:11+00:00] jpnap api body len: 145453
[2025-12-25T03:38:11+00:00] jpnap api body head: {"0":{"id":579,"date":"2025-11-20T11:00:42","date_gmt":"2025-11-20T02:00:42","guid":{"rendered":"https:\/\/www.stg.jpnap.net\/home\/?post_type=notice_ja&#038;p=579"},"modified":"2025-11-20T11:10:31","
[2025-12-25T03:38:11+00:00] jpnap api json decode error: No error
[2025-12-25T03:38:11+00:00] jpnap api status: 200
[2025-12-25T03:38:11+00:00] jpnap api body len: 145453
[2025-12-25T03:38:11+00:00] jpnap api body head: {"0":{"id":579,"date":"2025-11-20T11:00:42","date_gmt":"2025-11-20T02:00:42","guid":{"rendered":"https:\/\/www.stg.jpnap.net\/home\/?post_type=notice_ja&#038;p=579"},"modified":"2025-11-20T11:10:31","
[2025-12-25T03:38:11+00:00] jpnap api json decode error: No error
[2025-12-25T03:38:22+00:00] jpnap api status: 200
[2025-12-25T03:38:22+00:00] jpnap api body len: 145453
[2025-12-25T03:38:22+00:00] jpnap api body head: {"0":{"id":579,"date":"2025-11-20T11:00:42","date_gmt":"2025-11-20T02:00:42","guid":{"rendered":"https:\/\/www.stg.jpnap.net\/home\/?post_type=notice_ja&#038;p=579"},"modified":"2025-11-20T11:10:31","
[2025-12-25T03:38:22+00:00] jpnap api json decode error: No error
[2025-12-25T03:38:22+00:00] jpnap api status: 200
[2025-12-25T03:38:22+00:00] jpnap api body len: 145453
[2025-12-25T03:38:22+00:00] jpnap api body head: {"0":{"id":579,"date":"2025-11-20T11:00:42","date_gmt":"2025-11-20T02:00:42","guid":{"rendered":"https:\/\/www.stg.jpnap.net\/home\/?post_type=notice_ja&#038;p=579"},"modified":"2025-11-20T11:10:31","
[2025-12-25T03:38:22+00:00] jpnap api json decode error: No error
[2025-12-25T03:38:28+00:00] jpnap api status: 200
[2025-12-25T03:38:28+00:00] jpnap api body len: 145453
[2025-12-25T03:38:28+00:00] jpnap api body head: {"0":{"id":579,"date":"2025-11-20T11:00:42","date_gmt":"2025-11-20T02:00:42","guid":{"rendered":"https:\/\/www.stg.jpnap.net\/home\/?post_type=notice_ja&#038;p=579"},"modified":"2025-11-20T11:10:31","
[2025-12-25T03:38:28+00:00] jpnap api json decode error: No error
[2025-12-25T03:38:28+00:00] jpnap api status: 200
[2025-12-25T03:38:28+00:00] jpnap api body len: 145453
[2025-12-25T03:38:28+00:00] jpnap api body head: {"0":{"id":579,"date":"2025-11-20T11:00:42","date_gmt":"2025-11-20T02:00:42","guid":{"rendered":"https:\/\/www.stg.jpnap.net\/home\/?post_type=notice_ja&#038;p=579"},"modified":"2025-11-20T11:10:31","
[2025-12-25T03:38:28+00:00] jpnap api json decode error: No error
[2025-12-25T03:38:28+00:00] jpnap api status: 200
[2025-12-25T03:38:28+00:00] jpnap api body len: 145453
[2025-12-25T03:38:28+00:00] jpnap api body head: {"0":{"id":579,"date":"2025-11-20T11:00:42","date_gmt":"2025-11-20T02:00:42","guid":{"rendered":"https:\/\/www.stg.jpnap.net\/home\/?post_type=notice_ja&#038;p=579"},"modified":"2025-11-20T11:10:31","
[2025-12-25T03:38:28+00:00] jpnap api json decode error: No error
[2025-12-25T03:38:28+00:00] jpnap api status: 200
[2025-12-25T03:38:28+00:00] jpnap api body len: 145453
[2025-12-25T03:38:28+00:00] jpnap api body head: {"0":{"id":579,"date":"2025-11-20T11:00:42","date_gmt":"2025-11-20T02:00:42","guid":{"rendered":"https:\/\/www.stg.jpnap.net\/home\/?post_type=notice_ja&#038;p=579"},"modified":"2025-11-20T11:10:31","
[2025-12-25T03:38:28+00:00] jpnap api json decode error: No error
[2025-12-25T03:38:29+00:00] jpnap api status: 200
[2025-12-25T03:38:29+00:00] jpnap api body len: 145453
[2025-12-25T03:38:29+00:00] jpnap api body head: {"0":{"id":579,"date":"2025-11-20T11:00:42","date_gmt":"2025-11-20T02:00:42","guid":{"rendered":"https:\/\/www.stg.jpnap.net\/home\/?post_type=notice_ja&#038;p=579"},"modified":"2025-11-20T11:10:31","
[2025-12-25T03:38:29+00:00] jpnap api json decode error: No error
[2025-12-25T03:38:30+00:00] jpnap api status: 200
[2025-12-25T03:38:30+00:00] jpnap api body len: 145453
[2025-12-25T03:38:30+00:00] jpnap api body head: {"0":{"id":579,"date":"2025-11-20T11:00:42","date_gmt":"2025-11-20T02:00:42","guid":{"rendered":"https:\/\/www.stg.jpnap.net\/home\/?post_type=notice_ja&#038;p=579"},"modified":"2025-11-20T11:10:31","
[2025-12-25T03:38:30+00:00] jpnap api json decode error: No error
[2025-12-25T03:38:30+00:00] jpnap api status: 200
[2025-12-25T03:38:30+00:00] jpnap api body len: 145453
[2025-12-25T03:38:30+00:00] jpnap api body head: {"0":{"id":579,"date":"2025-11-20T11:00:42","date_gmt":"2025-11-20T02:00:42","guid":{"rendered":"https:\/\/www.stg.jpnap.net\/home\/?post_type=notice_ja&#038;p=579"},"modified":"2025-11-20T11:10:31","
[2025-12-25T03:38:30+00:00] jpnap api json decode error: No error
[2025-12-25T03:38:30+00:00] jpnap api status: 200
[2025-12-25T03:38:30+00:00] jpnap api body len: 145453
[2025-12-25T03:38:30+00:00] jpnap api body head: {"0":{"id":579,"date":"2025-11-20T11:00:42","date_gmt":"2025-11-20T02:00:42","guid":{"rendered":"https:\/\/www.stg.jpnap.net\/home\/?post_type=notice_ja&#038;p=579"},"modified":"2025-11-20T11:10:31","
[2025-12-25T03:38:30+00:00] jpnap api json decode error: No error
[2025-12-25T03:38:30+00:00] jpnap api status: 200
[2025-12-25T03:38:30+00:00] jpnap api body len: 145453
[2025-12-25T03:38:30+00:00] jpnap api body head: {"0":{"id":579,"date":"2025-11-20T11:00:42","date_gmt":"2025-11-20T02:00:42","guid":{"rendered":"https:\/\/www.stg.jpnap.net\/home\/?post_type=notice_ja&#038;p=579"},"modified":"2025-11-20T11:10:31","
[2025-12-25T03:38:30+00:00] jpnap api json decode error: No error
[2025-12-25T03:38:30+00:00] jpnap api status: 200
[2025-12-25T03:38:30+00:00] jpnap api body len: 145453
[2025-12-25T03:38:30+00:00] jpnap api body head: {"0":{"id":579,"date":"2025-11-20T11:00:42","date_gmt":"2025-11-20T02:00:42","guid":{"rendered":"https:\/\/www.stg.jpnap.net\/home\/?post_type=notice_ja&#038;p=579"},"modified":"2025-11-20T11:10:31","
[2025-12-25T03:38:30+00:00] jpnap api json decode error: No error
[2025-12-25T03:38:30+00:00] jpnap api status: 200
[2025-12-25T03:38:30+00:00] jpnap api body len: 145453
[2025-12-25T03:38:30+00:00] jpnap api body head: {"0":{"id":579,"date":"2025-11-20T11:00:42","date_gmt":"2025-11-20T02:00:42","guid":{"rendered":"https:\/\/www.stg.jpnap.net\/home\/?post_type=notice_ja&#038;p=579"},"modified":"2025-11-20T11:10:31","
[2025-12-25T03:38:30+00:00] jpnap api json decode error: No error
[2025-12-25T03:38:45+00:00] jpnap api status: 200
[2025-12-25T03:38:45+00:00] jpnap api body len: 145453
[2025-12-25T03:38:45+00:00] jpnap api body head: {"0":{"id":579,"date":"2025-11-20T11:00:42","date_gmt":"2025-11-20T02:00:42","guid":{"rendered":"https:\/\/www.stg.jpnap.net\/home\/?post_type=notice_ja&#038;p=579"},"modified":"2025-11-20T11:10:31","
[2025-12-25T03:38:45+00:00] jpnap api json decode error: No error
[2025-12-25T03:38:45+00:00] jpnap api status: 200
[2025-12-25T03:38:45+00:00] jpnap api body len: 145453
[2025-12-25T03:38:45+00:00] jpnap api body head: {"0":{"id":579,"date":"2025-11-20T11:00:42","date_gmt":"2025-11-20T02:00:42","guid":{"rendered":"https:\/\/www.stg.jpnap.net\/home\/?post_type=notice_ja&#038;p=579"},"modified":"2025-11-20T11:10:31","
[2025-12-25T03:38:45+00:00] jpnap api json decode error: No error
[2025-12-25T03:38:50+00:00] jpnap api status: 200
[2025-12-25T03:38:50+00:00] jpnap api body len: 145453
[2025-12-25T03:38:50+00:00] jpnap api body head: {"0":{"id":579,"date":"2025-11-20T11:00:42","date_gmt":"2025-11-20T02:00:42","guid":{"rendered":"https:\/\/www.stg.jpnap.net\/home\/?post_type=notice_ja&#038;p=579"},"modified":"2025-11-20T11:10:31","
[2025-12-25T03:38:50+00:00] jpnap api json decode error: No error
[2025-12-25T03:38:50+00:00] jpnap api status: 200
[2025-12-25T03:38:50+00:00] jpnap api body len: 145453
[2025-12-25T03:38:50+00:00] jpnap api body head: {"0":{"id":579,"date":"2025-11-20T11:00:42","date_gmt":"2025-11-20T02:00:42","guid":{"rendered":"https:\/\/www.stg.jpnap.net\/home\/?post_type=notice_ja&#038;p=579"},"modified":"2025-11-20T11:10:31","
[2025-12-25T03:38:50+00:00] jpnap api json decode error: No error
[2025-12-25T03:38:50+00:00] jpnap api status: 200
[2025-12-25T03:38:50+00:00] jpnap api body len: 145453
[2025-12-25T03:38:50+00:00] jpnap api body head: {"0":{"id":579,"date":"2025-11-20T11:00:42","date_gmt":"2025-11-20T02:00:42","guid":{"rendered":"https:\/\/www.stg.jpnap.net\/home\/?post_type=notice_ja&#038;p=579"},"modified":"2025-11-20T11:10:31","
[2025-12-25T03:38:50+00:00] jpnap api json decode error: No error
[2025-12-25T03:38:50+00:00] jpnap api status: 200
[2025-12-25T03:38:50+00:00] jpnap api body len: 145453
[2025-12-25T03:38:50+00:00] jpnap api body head: {"0":{"id":579,"date":"2025-11-20T11:00:42","date_gmt":"2025-11-20T02:00:42","guid":{"rendered":"https:\/\/www.stg.jpnap.net\/home\/?post_type=notice_ja&#038;p=579"},"modified":"2025-11-20T11:10:31","
[2025-12-25T03:38:50+00:00] jpnap api json decode error: No error
[2025-12-25T03:38:54+00:00] jpnap api status: 200
[2025-12-25T03:38:54+00:00] jpnap api body len: 145453
[2025-12-25T03:38:54+00:00] jpnap api body head: {"0":{"id":579,"date":"2025-11-20T11:00:42","date_gmt":"2025-11-20T02:00:42","guid":{"rendered":"https:\/\/www.stg.jpnap.net\/home\/?post_type=notice_ja&#038;p=579"},"modified":"2025-11-20T11:10:31","
[2025-12-25T03:38:54+00:00] jpnap api json decode error: No error
[2025-12-25T03:38:54+00:00] jpnap api status: 200
[2025-12-25T03:38:54+00:00] jpnap api body len: 145453
[2025-12-25T03:38:54+00:00] jpnap api body head: {"0":{"id":579,"date":"2025-11-20T11:00:42","date_gmt":"2025-11-20T02:00:42","guid":{"rendered":"https:\/\/www.stg.jpnap.net\/home\/?post_type=notice_ja&#038;p=579"},"modified":"2025-11-20T11:10:31","
[2025-12-25T03:38:54+00:00] jpnap api json decode error: No error
[2025-12-25T03:38:54+00:00] jpnap api status: 200
[2025-12-25T03:38:54+00:00] jpnap api body len: 145453
[2025-12-25T03:38:54+00:00] jpnap api body head: {"0":{"id":579,"date":"2025-11-20T11:00:42","date_gmt":"2025-11-20T02:00:42","guid":{"rendered":"https:\/\/www.stg.jpnap.net\/home\/?post_type=notice_ja&#038;p=579"},"modified":"2025-11-20T11:10:31","
[2025-12-25T03:38:54+00:00] jpnap api json decode error: No error
[2025-12-25T03:39:45+00:00] jpnap api status: 200
[2025-12-25T03:39:45+00:00] jpnap api body len: 145453
[2025-12-25T03:39:45+00:00] jpnap api body head: {"0":{"id":579,"date":"2025-11-20T11:00:42","date_gmt":"2025-11-20T02:00:42","guid":{"rendered":"https:\/\/www.stg.jpnap.net\/home\/?post_type=notice_ja&#038;p=579"},"modified":"2025-11-20T11:10:31","
[2025-12-25T03:39:45+00:00] jpnap api json decode error: No error
[2025-12-25T03:39:46+00:00] jpnap api status: 200
[2025-12-25T03:39:46+00:00] jpnap api body len: 145453
[2025-12-25T03:39:46+00:00] jpnap api body head: {"0":{"id":579,"date":"2025-11-20T11:00:42","date_gmt":"2025-11-20T02:00:42","guid":{"rendered":"https:\/\/www.stg.jpnap.net\/home\/?post_type=notice_ja&#038;p=579"},"modified":"2025-11-20T11:10:31","
[2025-12-25T03:39:46+00:00] jpnap api json decode error: No error
[2025-12-25T03:39:53+00:00] jpnap api status: 200
[2025-12-25T03:39:53+00:00] jpnap api body len: 145453
[2025-12-25T03:39:53+00:00] jpnap api body head: {"0":{"id":579,"date":"2025-11-20T11:00:42","date_gmt":"2025-11-20T02:00:42","guid":{"rendered":"https:\/\/www.stg.jpnap.net\/home\/?post_type=notice_ja&#038;p=579"},"modified":"2025-11-20T11:10:31","
[2025-12-25T03:39:53+00:00] jpnap api json decode error: No error
[2025-12-25T03:39:53+00:00] jpnap api status: 200
[2025-12-25T03:39:53+00:00] jpnap api body len: 145453
[2025-12-25T03:39:53+00:00] jpnap api body head: {"0":{"id":579,"date":"2025-11-20T11:00:42","date_gmt":"2025-11-20T02:00:42","guid":{"rendered":"https:\/\/www.stg.jpnap.net\/home\/?post_type=notice_ja&#038;p=579"},"modified":"2025-11-20T11:10:31","
[2025-12-25T03:39:53+00:00] jpnap api json decode error: No error
[2025-12-25T03:39:53+00:00] jpnap api status: 200
[2025-12-25T03:39:53+00:00] jpnap api body len: 145453
[2025-12-25T03:39:53+00:00] jpnap api body head: {"0":{"id":579,"date":"2025-11-20T11:00:42","date_gmt":"2025-11-20T02:00:42","guid":{"rendered":"https:\/\/www.stg.jpnap.net\/home\/?post_type=notice_ja&#038;p=579"},"modified":"2025-11-20T11:10:31","
[2025-12-25T03:39:53+00:00] jpnap api json decode error: No error
[2025-12-25T03:39:53+00:00] jpnap api status: 200
[2025-12-25T03:39:53+00:00] jpnap api body len: 145453
[2025-12-25T03:39:53+00:00] jpnap api body head: {"0":{"id":579,"date":"2025-11-20T11:00:42","date_gmt":"2025-11-20T02:00:42","guid":{"rendered":"https:\/\/www.stg.jpnap.net\/home\/?post_type=notice_ja&#038;p=579"},"modified":"2025-11-20T11:10:31","
[2025-12-25T03:39:53+00:00] jpnap api json decode error: No error
[2025-12-25T03:39:54+00:00] jpnap api status: 200
[2025-12-25T03:39:54+00:00] jpnap api body len: 145453
[2025-12-25T03:39:54+00:00] jpnap api body head: {"0":{"id":579,"date":"2025-11-20T11:00:42","date_gmt":"2025-11-20T02:00:42","guid":{"rendered":"https:\/\/www.stg.jpnap.net\/home\/?post_type=notice_ja&#038;p=579"},"modified":"2025-11-20T11:10:31","
[2025-12-25T03:39:54+00:00] jpnap api json decode error: No error
[2025-12-25T03:39:55+00:00] jpnap api status: 200
[2025-12-25T03:39:55+00:00] jpnap api body len: 145453
[2025-12-25T03:39:55+00:00] jpnap api body head: {"0":{"id":579,"date":"2025-11-20T11:00:42","date_gmt":"2025-11-20T02:00:42","guid":{"rendered":"https:\/\/www.stg.jpnap.net\/home\/?post_type=notice_ja&#038;p=579"},"modified":"2025-11-20T11:10:31","
[2025-12-25T03:39:55+00:00] jpnap api json decode error: No error
[2025-12-25T03:39:55+00:00] jpnap api status: 200
[2025-12-25T03:39:55+00:00] jpnap api body len: 145453
[2025-12-25T03:39:55+00:00] jpnap api body head: {"0":{"id":579,"date":"2025-11-20T11:00:42","date_gmt":"2025-11-20T02:00:42","guid":{"rendered":"https:\/\/www.stg.jpnap.net\/home\/?post_type=notice_ja&#038;p=579"},"modified":"2025-11-20T11:10:31","
[2025-12-25T03:39:55+00:00] jpnap api json decode error: No error
[2025-12-25T03:39:55+00:00] jpnap api status: 200
[2025-12-25T03:39:55+00:00] jpnap api body len: 145453
[2025-12-25T03:39:55+00:00] jpnap api body head: {"0":{"id":579,"date":"2025-11-20T11:00:42","date_gmt":"2025-11-20T02:00:42","guid":{"rendered":"https:\/\/www.stg.jpnap.net\/home\/?post_type=notice_ja&#038;p=579"},"modified":"2025-11-20T11:10:31","
[2025-12-25T03:39:55+00:00] jpnap api json decode error: No error
[2025-12-25T03:39:55+00:00] jpnap api status: 200
[2025-12-25T03:39:55+00:00] jpnap api body len: 145453
[2025-12-25T03:39:55+00:00] jpnap api body head: {"0":{"id":579,"date":"2025-11-20T11:00:42","date_gmt":"2025-11-20T02:00:42","guid":{"rendered":"https:\/\/www.stg.jpnap.net\/home\/?post_type=notice_ja&#038;p=579"},"modified":"2025-11-20T11:10:31","
[2025-12-25T03:39:55+00:00] jpnap api json decode error: No error
[2025-12-25T03:40:09+00:00] jpnap api status: 200
[2025-12-25T03:40:09+00:00] jpnap api body len: 145453
[2025-12-25T03:40:09+00:00] jpnap api body head: {"0":{"id":579,"date":"2025-11-20T11:00:42","date_gmt":"2025-11-20T02:00:42","guid":{"rendered":"https:\/\/www.stg.jpnap.net\/home\/?post_type=notice_ja&#038;p=579"},"modified":"2025-11-20T11:10:31","
[2025-12-25T03:40:09+00:00] jpnap api json decode error: No error
[2025-12-25T03:40:09+00:00] jpnap api status: 200
[2025-12-25T03:40:09+00:00] jpnap api body len: 145453
[2025-12-25T03:40:09+00:00] jpnap api body head: {"0":{"id":579,"date":"2025-11-20T11:00:42","date_gmt":"2025-11-20T02:00:42","guid":{"rendered":"https:\/\/www.stg.jpnap.net\/home\/?post_type=notice_ja&#038;p=579"},"modified":"2025-11-20T11:10:31","
[2025-12-25T03:40:09+00:00] jpnap api json decode error: No error
[2025-12-25T03:40:15+00:00] jpnap api status: 200
[2025-12-25T03:40:15+00:00] jpnap api body len: 145453
[2025-12-25T03:40:15+00:00] jpnap api body head: {"0":{"id":579,"date":"2025-11-20T11:00:42","date_gmt":"2025-11-20T02:00:42","guid":{"rendered":"https:\/\/www.stg.jpnap.net\/home\/?post_type=notice_ja&#038;p=579"},"modified":"2025-11-20T11:10:31","
[2025-12-25T03:40:15+00:00] jpnap api json decode error: No error
[2025-12-25T03:40:15+00:00] jpnap api status: 200
[2025-12-25T03:40:15+00:00] jpnap api body len: 145453
[2025-12-25T03:40:15+00:00] jpnap api body head: {"0":{"id":579,"date":"2025-11-20T11:00:42","date_gmt":"2025-11-20T02:00:42","guid":{"rendered":"https:\/\/www.stg.jpnap.net\/home\/?post_type=notice_ja&#038;p=579"},"modified":"2025-11-20T11:10:31","
[2025-12-25T03:40:15+00:00] jpnap api json decode error: No error
[2025-12-25T03:40:15+00:00] jpnap api status: 200
[2025-12-25T03:40:15+00:00] jpnap api body len: 145453
[2025-12-25T03:40:15+00:00] jpnap api body head: {"0":{"id":579,"date":"2025-11-20T11:00:42","date_gmt":"2025-11-20T02:00:42","guid":{"rendered":"https:\/\/www.stg.jpnap.net\/home\/?post_type=notice_ja&#038;p=579"},"modified":"2025-11-20T11:10:31","
[2025-12-25T03:40:15+00:00] jpnap api json decode error: No error
[2025-12-25T03:40:15+00:00] jpnap api status: 200
[2025-12-25T03:40:15+00:00] jpnap api body len: 145453
[2025-12-25T03:40:15+00:00] jpnap api body head: {"0":{"id":579,"date":"2025-11-20T11:00:42","date_gmt":"2025-11-20T02:00:42","guid":{"rendered":"https:\/\/www.stg.jpnap.net\/home\/?post_type=notice_ja&#038;p=579"},"modified":"2025-11-20T11:10:31","
[2025-12-25T03:40:15+00:00] jpnap api json decode error: No error
[2025-12-25T03:40:16+00:00] jpnap api status: 200
[2025-12-25T03:40:16+00:00] jpnap api body len: 145453
[2025-12-25T03:40:16+00:00] jpnap api body head: {"0":{"id":579,"date":"2025-11-20T11:00:42","date_gmt":"2025-11-20T02:00:42","guid":{"rendered":"https:\/\/www.stg.jpnap.net\/home\/?post_type=notice_ja&#038;p=579"},"modified":"2025-11-20T11:10:31","
[2025-12-25T03:40:16+00:00] jpnap api json decode error: No error
[2025-12-25T03:40:16+00:00] jpnap api status: 200
[2025-12-25T03:40:16+00:00] jpnap api body len: 145453
[2025-12-25T03:40:16+00:00] jpnap api body head: {"0":{"id":579,"date":"2025-11-20T11:00:42","date_gmt":"2025-11-20T02:00:42","guid":{"rendered":"https:\/\/www.stg.jpnap.net\/home\/?post_type=notice_ja&#038;p=579"},"modified":"2025-11-20T11:10:31","
[2025-12-25T03:40:16+00:00] jpnap api json decode error: No error
[2025-12-25T03:40:16+00:00] jpnap api status: 200
[2025-12-25T03:40:16+00:00] jpnap api body len: 145453
[2025-12-25T03:40:16+00:00] jpnap api body head: {"0":{"id":579,"date":"2025-11-20T11:00:42","date_gmt":"2025-11-20T02:00:42","guid":{"rendered":"https:\/\/www.stg.jpnap.net\/home\/?post_type=notice_ja&#038;p=579"},"modified":"2025-11-20T11:10:31","
[2025-12-25T03:40:16+00:00] jpnap api json decode error: No error
[2025-12-25T03:40:16+00:00] jpnap api status: 200
[2025-12-25T03:40:16+00:00] jpnap api body len: 145453
[2025-12-25T03:40:16+00:00] jpnap api body head: {"0":{"id":579,"date":"2025-11-20T11:00:42","date_gmt":"2025-11-20T02:00:42","guid":{"rendered":"https:\/\/www.stg.jpnap.net\/home\/?post_type=notice_ja&#038;p=579"},"modified":"2025-11-20T11:10:31","
[2025-12-25T03:40:16+00:00] jpnap api json decode error: No error
[2025-12-25T03:40:16+00:00] jpnap api status: 200
[2025-12-25T03:40:16+00:00] jpnap api body len: 145453
[2025-12-25T03:40:16+00:00] jpnap api body head: {"0":{"id":579,"date":"2025-11-20T11:00:42","date_gmt":"2025-11-20T02:00:42","guid":{"rendered":"https:\/\/www.stg.jpnap.net\/home\/?post_type=notice_ja&#038;p=579"},"modified":"2025-11-20T11:10:31","
[2025-12-25T03:40:16+00:00] jpnap api json decode error: No error
[2025-12-25T03:40:18+00:00] jpnap api status: 200
[2025-12-25T03:40:18+00:00] jpnap api body len: 145453
[2025-12-25T03:40:18+00:00] jpnap api body head: {"0":{"id":579,"date":"2025-11-20T11:00:42","date_gmt":"2025-11-20T02:00:42","guid":{"rendered":"https:\/\/www.stg.jpnap.net\/home\/?post_type=notice_ja&#038;p=579"},"modified":"2025-11-20T11:10:31","
[2025-12-25T03:40:18+00:00] jpnap api json decode error: No error
[2025-12-25T03:40:18+00:00] jpnap api status: 200
[2025-12-25T03:40:18+00:00] jpnap api body len: 145453
[2025-12-25T03:40:18+00:00] jpnap api body head: {"0":{"id":579,"date":"2025-11-20T11:00:42","date_gmt":"2025-11-20T02:00:42","guid":{"rendered":"https:\/\/www.stg.jpnap.net\/home\/?post_type=notice_ja&#038;p=579"},"modified":"2025-11-20T11:10:31","
[2025-12-25T03:40:18+00:00] jpnap api json decode error: No error
[2025-12-25T03:40:32+00:00] jpnap api status: 200
[2025-12-25T03:40:32+00:00] jpnap api body len: 145453
[2025-12-25T03:40:32+00:00] jpnap api body head: {"0":{"id":579,"date":"2025-11-20T11:00:42","date_gmt":"2025-11-20T02:00:42","guid":{"rendered":"https:\/\/www.stg.jpnap.net\/home\/?post_type=notice_ja&#038;p=579"},"modified":"2025-11-20T11:10:31","
[2025-12-25T03:40:32+00:00] jpnap api json decode error: No error
[2025-12-25T03:40:33+00:00] jpnap api status: 200
[2025-12-25T03:40:33+00:00] jpnap api body len: 145453
[2025-12-25T03:40:33+00:00] jpnap api body head: {"0":{"id":579,"date":"2025-11-20T11:00:42","date_gmt":"2025-11-20T02:00:42","guid":{"rendered":"https:\/\/www.stg.jpnap.net\/home\/?post_type=notice_ja&#038;p=579"},"modified":"2025-11-20T11:10:31","
[2025-12-25T03:40:33+00:00] jpnap api json decode error: No error
[2025-12-25T03:40:44+00:00] jpnap api status: 200
[2025-12-25T03:40:44+00:00] jpnap api body len: 145453
[2025-12-25T03:40:44+00:00] jpnap api body head: {"0":{"id":579,"date":"2025-11-20T11:00:42","date_gmt":"2025-11-20T02:00:42","guid":{"rendered":"https:\/\/www.stg.jpnap.net\/home\/?post_type=notice_ja&#038;p=579"},"modified":"2025-11-20T11:10:31","
[2025-12-25T03:40:44+00:00] jpnap api json decode error: No error
[2025-12-25T03:40:44+00:00] jpnap api status: 200
[2025-12-25T03:40:44+00:00] jpnap api body len: 145453
[2025-12-25T03:40:44+00:00] jpnap api body head: {"0":{"id":579,"date":"2025-11-20T11:00:42","date_gmt":"2025-11-20T02:00:42","guid":{"rendered":"https:\/\/www.stg.jpnap.net\/home\/?post_type=notice_ja&#038;p=579"},"modified":"2025-11-20T11:10:31","
[2025-12-25T03:40:44+00:00] jpnap api json decode error: No error
[2025-12-25T03:40:44+00:00] jpnap api status: 200
[2025-12-25T03:40:44+00:00] jpnap api body len: 145453
[2025-12-25T03:40:44+00:00] jpnap api body head: {"0":{"id":579,"date":"2025-11-20T11:00:42","date_gmt":"2025-11-20T02:00:42","guid":{"rendered":"https:\/\/www.stg.jpnap.net\/home\/?post_type=notice_ja&#038;p=579"},"modified":"2025-11-20T11:10:31","
[2025-12-25T03:40:44+00:00] jpnap api json decode error: No error
[2025-12-25T03:40:44+00:00] jpnap api status: 200
[2025-12-25T03:40:44+00:00] jpnap api body len: 145453
[2025-12-25T03:40:44+00:00] jpnap api body head: {"0":{"id":579,"date":"2025-11-20T11:00:42","date_gmt":"2025-11-20T02:00:42","guid":{"rendered":"https:\/\/www.stg.jpnap.net\/home\/?post_type=notice_ja&#038;p=579"},"modified":"2025-11-20T11:10:31","
[2025-12-25T03:40:44+00:00] jpnap api json decode error: No error
[2025-12-25T03:40:44+00:00] jpnap api status: 200
[2025-12-25T03:40:44+00:00] jpnap api body len: 145453
[2025-12-25T03:40:44+00:00] jpnap api body head: {"0":{"id":579,"date":"2025-11-20T11:00:42","date_gmt":"2025-11-20T02:00:42","guid":{"rendered":"https:\/\/www.stg.jpnap.net\/home\/?post_type=notice_ja&#038;p=579"},"modified":"2025-11-20T11:10:31","
[2025-12-25T03:40:44+00:00] jpnap api json decode error: No error
[2025-12-25T03:41:06+00:00] jpnap api status: 200
[2025-12-25T03:41:06+00:00] jpnap api body len: 145453
[2025-12-25T03:41:06+00:00] jpnap api body head: {"0":{"id":579,"date":"2025-11-20T11:00:42","date_gmt":"2025-11-20T02:00:42","guid":{"rendered":"https:\/\/www.stg.jpnap.net\/home\/?post_type=notice_ja&#038;p=579"},"modified":"2025-11-20T11:10:31","
[2025-12-25T03:41:06+00:00] jpnap api json decode error: No error
[2025-12-25T03:41:07+00:00] jpnap api status: 200
[2025-12-25T03:41:07+00:00] jpnap api body len: 145453
[2025-12-25T03:41:07+00:00] jpnap api body head: {"0":{"id":579,"date":"2025-11-20T11:00:42","date_gmt":"2025-11-20T02:00:42","guid":{"rendered":"https:\/\/www.stg.jpnap.net\/home\/?post_type=notice_ja&#038;p=579"},"modified":"2025-11-20T11:10:31","
[2025-12-25T03:41:07+00:00] jpnap api json decode error: No error
[2025-12-25T03:41:12+00:00] jpnap api status: 200
[2025-12-25T03:41:12+00:00] jpnap api body len: 145453
[2025-12-25T03:41:12+00:00] jpnap api body head: {"0":{"id":579,"date":"2025-11-20T11:00:42","date_gmt":"2025-11-20T02:00:42","guid":{"rendered":"https:\/\/www.stg.jpnap.net\/home\/?post_type=notice_ja&#038;p=579"},"modified":"2025-11-20T11:10:31","
[2025-12-25T03:41:12+00:00] jpnap api json decode error: No error
[2025-12-25T03:41:12+00:00] jpnap api status: 200
[2025-12-25T03:41:12+00:00] jpnap api body len: 145453
[2025-12-25T03:41:12+00:00] jpnap api body head: {"0":{"id":579,"date":"2025-11-20T11:00:42","date_gmt":"2025-11-20T02:00:42","guid":{"rendered":"https:\/\/www.stg.jpnap.net\/home\/?post_type=notice_ja&#038;p=579"},"modified":"2025-11-20T11:10:31","
[2025-12-25T03:41:12+00:00] jpnap api json decode error: No error
[2025-12-25T03:41:21+00:00] jpnap api status: 200
[2025-12-25T03:41:21+00:00] jpnap api body len: 145453
[2025-12-25T03:41:21+00:00] jpnap api body head: {"0":{"id":579,"date":"2025-11-20T11:00:42","date_gmt":"2025-11-20T02:00:42","guid":{"rendered":"https:\/\/www.stg.jpnap.net\/home\/?post_type=notice_ja&#038;p=579"},"modified":"2025-11-20T11:10:31","
[2025-12-25T03:41:21+00:00] jpnap api json decode error: No error
[2025-12-25T03:41:22+00:00] jpnap api status: 200
[2025-12-25T03:41:22+00:00] jpnap api body len: 145453
[2025-12-25T03:41:22+00:00] jpnap api body head: {"0":{"id":579,"date":"2025-11-20T11:00:42","date_gmt":"2025-11-20T02:00:42","guid":{"rendered":"https:\/\/www.stg.jpnap.net\/home\/?post_type=notice_ja&#038;p=579"},"modified":"2025-11-20T11:10:31","
[2025-12-25T03:41:22+00:00] jpnap api json decode error: No error
[2025-12-25T03:41:30+00:00] jpnap api status: 200
[2025-12-25T03:41:30+00:00] jpnap api body len: 145453
[2025-12-25T03:41:30+00:00] jpnap api body head: {"0":{"id":579,"date":"2025-11-20T11:00:42","date_gmt":"2025-11-20T02:00:42","guid":{"rendered":"https:\/\/www.stg.jpnap.net\/home\/?post_type=notice_ja&#038;p=579"},"modified":"2025-11-20T11:10:31","
[2025-12-25T03:41:30+00:00] jpnap api json decode error: No error
[2025-12-25T03:41:30+00:00] jpnap api status: 200
[2025-12-25T03:41:30+00:00] jpnap api body len: 145453
[2025-12-25T03:41:30+00:00] jpnap api body head: {"0":{"id":579,"date":"2025-11-20T11:00:42","date_gmt":"2025-11-20T02:00:42","guid":{"rendered":"https:\/\/www.stg.jpnap.net\/home\/?post_type=notice_ja&#038;p=579"},"modified":"2025-11-20T11:10:31","
[2025-12-25T03:41:30+00:00] jpnap api json decode error: No error
[2025-12-25T03:41:30+00:00] jpnap api status: 200
[2025-12-25T03:41:30+00:00] jpnap api body len: 145453
[2025-12-25T03:41:30+00:00] jpnap api body head: {"0":{"id":579,"date":"2025-11-20T11:00:42","date_gmt":"2025-11-20T02:00:42","guid":{"rendered":"https:\/\/www.stg.jpnap.net\/home\/?post_type=notice_ja&#038;p=579"},"modified":"2025-11-20T11:10:31","
[2025-12-25T03:41:30+00:00] jpnap api json decode error: No error
[2025-12-25T03:41:30+00:00] jpnap api status: 200
[2025-12-25T03:41:30+00:00] jpnap api body len: 145453
[2025-12-25T03:41:30+00:00] jpnap api body head: {"0":{"id":579,"date":"2025-11-20T11:00:42","date_gmt":"2025-11-20T02:00:42","guid":{"rendered":"https:\/\/www.stg.jpnap.net\/home\/?post_type=notice_ja&#038;p=579"},"modified":"2025-11-20T11:10:31","
[2025-12-25T03:41:30+00:00] jpnap api json decode error: No error
[2025-12-25T03:41:30+00:00] jpnap api status: 200
[2025-12-25T03:41:30+00:00] jpnap api body len: 145453
[2025-12-25T03:41:30+00:00] jpnap api body head: {"0":{"id":579,"date":"2025-11-20T11:00:42","date_gmt":"2025-11-20T02:00:42","guid":{"rendered":"https:\/\/www.stg.jpnap.net\/home\/?post_type=notice_ja&#038;p=579"},"modified":"2025-11-20T11:10:31","
[2025-12-25T03:41:30+00:00] jpnap api json decode error: No error
[2025-12-25T03:41:30+00:00] jpnap api status: 200
[2025-12-25T03:41:30+00:00] jpnap api body len: 145453
[2025-12-25T03:41:30+00:00] jpnap api body head: {"0":{"id":579,"date":"2025-11-20T11:00:42","date_gmt":"2025-11-20T02:00:42","guid":{"rendered":"https:\/\/www.stg.jpnap.net\/home\/?post_type=notice_ja&#038;p=579"},"modified":"2025-11-20T11:10:31","
[2025-12-25T03:41:30+00:00] jpnap api json decode error: No error
[2025-12-25T03:41:30+00:00] jpnap api status: 200
[2025-12-25T03:41:30+00:00] jpnap api body len: 145453
[2025-12-25T03:41:30+00:00] jpnap api body head: {"0":{"id":579,"date":"2025-11-20T11:00:42","date_gmt":"2025-11-20T02:00:42","guid":{"rendered":"https:\/\/www.stg.jpnap.net\/home\/?post_type=notice_ja&#038;p=579"},"modified":"2025-11-20T11:10:31","
[2025-12-25T03:41:30+00:00] jpnap api json decode error: No error
[2025-12-25T03:41:46+00:00] jpnap api status: 200
[2025-12-25T03:41:46+00:00] jpnap api body len: 145453
[2025-12-25T03:41:46+00:00] jpnap api body head: {"0":{"id":579,"date":"2025-11-20T11:00:42","date_gmt":"2025-11-20T02:00:42","guid":{"rendered":"https:\/\/www.stg.jpnap.net\/home\/?post_type=notice_ja&#038;p=579"},"modified":"2025-11-20T11:10:31","
[2025-12-25T03:41:46+00:00] jpnap api json decode error: No error
[2025-12-25T03:41:50+00:00] jpnap api status: 200
[2025-12-25T03:41:50+00:00] jpnap api body len: 145453
[2025-12-25T03:41:50+00:00] jpnap api body head: {"0":{"id":579,"date":"2025-11-20T11:00:42","date_gmt":"2025-11-20T02:00:42","guid":{"rendered":"https:\/\/www.stg.jpnap.net\/home\/?post_type=notice_ja&#038;p=579"},"modified":"2025-11-20T11:10:31","
[2025-12-25T03:41:50+00:00] jpnap api json decode error: No error
[2025-12-25T03:41:51+00:00] jpnap api status: 200
[2025-12-25T03:41:51+00:00] jpnap api body len: 145453
[2025-12-25T03:41:51+00:00] jpnap api body head: {"0":{"id":579,"date":"2025-11-20T11:00:42","date_gmt":"2025-11-20T02:00:42","guid":{"rendered":"https:\/\/www.stg.jpnap.net\/home\/?post_type=notice_ja&#038;p=579"},"modified":"2025-11-20T11:10:31","
[2025-12-25T03:41:51+00:00] jpnap api json decode error: No error
[2025-12-25T03:46:45+00:00] jpnap api status: 200
[2025-12-25T03:46:45+00:00] jpnap api body len: 145453
[2025-12-25T03:46:45+00:00] jpnap api body head: {"0":{"id":579,"date":"2025-11-20T11:00:42","date_gmt":"2025-11-20T02:00:42","guid":{"rendered":"https:\/\/www.stg.jpnap.net\/home\/?post_type=notice_ja&#038;p=579"},"modified":"2025-11-20T11:10:31","
[2025-12-25T03:46:45+00:00] jpnap api json decode error: No error
[2025-12-25T03:46:45+00:00] jpnap api status: 200
[2025-12-25T03:46:45+00:00] jpnap api body len: 145453
[2025-12-25T03:46:45+00:00] jpnap api body head: {"0":{"id":579,"date":"2025-11-20T11:00:42","date_gmt":"2025-11-20T02:00:42","guid":{"rendered":"https:\/\/www.stg.jpnap.net\/home\/?post_type=notice_ja&#038;p=579"},"modified":"2025-11-20T11:10:31","
[2025-12-25T03:46:45+00:00] jpnap api json decode error: No error
[2025-12-25T03:46:51+00:00] jpnap api status: 200
[2025-12-25T03:46:51+00:00] jpnap api body len: 145453
[2025-12-25T03:46:51+00:00] jpnap api body head: {"0":{"id":579,"date":"2025-11-20T11:00:42","date_gmt":"2025-11-20T02:00:42","guid":{"rendered":"https:\/\/www.stg.jpnap.net\/home\/?post_type=notice_ja&#038;p=579"},"modified":"2025-11-20T11:10:31","
[2025-12-25T03:46:51+00:00] jpnap api json decode error: No error
[2025-12-25T03:46:52+00:00] jpnap api status: 200
[2025-12-25T03:46:52+00:00] jpnap api body len: 145453
[2025-12-25T03:46:52+00:00] jpnap api body head: {"0":{"id":579,"date":"2025-11-20T11:00:42","date_gmt":"2025-11-20T02:00:42","guid":{"rendered":"https:\/\/www.stg.jpnap.net\/home\/?post_type=notice_ja&#038;p=579"},"modified":"2025-11-20T11:10:31","
[2025-12-25T03:46:52+00:00] jpnap api json decode error: No error
[2025-12-25T03:48:36+00:00] jpnap api status: 200
[2025-12-25T03:48:36+00:00] jpnap api body len: 145453
[2025-12-25T03:48:36+00:00] jpnap api body head: {"0":{"id":579,"date":"2025-11-20T11:00:42","date_gmt":"2025-11-20T02:00:42","guid":{"rendered":"https:\/\/www.stg.jpnap.net\/home\/?post_type=notice_ja&#038;p=579"},"modified":"2025-11-20T11:10:31","
[2025-12-25T03:48:36+00:00] jpnap api json decode error: No error
[2025-12-25T03:48:37+00:00] jpnap api status: 200
[2025-12-25T03:48:37+00:00] jpnap api body len: 145453
[2025-12-25T03:48:37+00:00] jpnap api body head: {"0":{"id":579,"date":"2025-11-20T11:00:42","date_gmt":"2025-11-20T02:00:42","guid":{"rendered":"https:\/\/www.stg.jpnap.net\/home\/?post_type=notice_ja&#038;p=579"},"modified":"2025-11-20T11:10:31","
[2025-12-25T03:48:37+00:00] jpnap api json decode error: No error
[2025-12-25T03:48:37+00:00] jpnap api status: 200
[2025-12-25T03:48:37+00:00] jpnap api body len: 145453
[2025-12-25T03:48:37+00:00] jpnap api body head: {"0":{"id":579,"date":"2025-11-20T11:00:42","date_gmt":"2025-11-20T02:00:42","guid":{"rendered":"https:\/\/www.stg.jpnap.net\/home\/?post_type=notice_ja&#038;p=579"},"modified":"2025-11-20T11:10:31","
[2025-12-25T03:48:37+00:00] jpnap api json decode error: No error
[2025-12-25T03:49:53+00:00] jpnap api status: 200
[2025-12-25T03:49:53+00:00] jpnap api body len: 145453
[2025-12-25T03:49:53+00:00] jpnap api body head: {"0":{"id":579,"date":"2025-11-20T11:00:42","date_gmt":"2025-11-20T02:00:42","guid":{"rendered":"https:\/\/www.stg.jpnap.net\/home\/?post_type=notice_ja&#038;p=579"},"modified":"2025-11-20T11:10:31","
[2025-12-25T03:49:53+00:00] jpnap api json decode error: No error
[2025-12-25T03:49:53+00:00] jpnap api status: 200
[2025-12-25T03:49:53+00:00] jpnap api body len: 145453
[2025-12-25T03:49:53+00:00] jpnap api body head: {"0":{"id":579,"date":"2025-11-20T11:00:42","date_gmt":"2025-11-20T02:00:42","guid":{"rendered":"https:\/\/www.stg.jpnap.net\/home\/?post_type=notice_ja&#038;p=579"},"modified":"2025-11-20T11:10:31","
[2025-12-25T03:49:53+00:00] jpnap api json decode error: No error
[2025-12-25T03:49:58+00:00] jpnap api status: 200
[2025-12-25T03:49:58+00:00] jpnap api body len: 145453
[2025-12-25T03:49:58+00:00] jpnap api body head: {"0":{"id":579,"date":"2025-11-20T11:00:42","date_gmt":"2025-11-20T02:00:42","guid":{"rendered":"https:\/\/www.stg.jpnap.net\/home\/?post_type=notice_ja&#038;p=579"},"modified":"2025-11-20T11:10:31","
[2025-12-25T03:49:58+00:00] jpnap api json decode error: No error
[2025-12-25T03:49:58+00:00] jpnap api status: 200
[2025-12-25T03:49:58+00:00] jpnap api body len: 145453
[2025-12-25T03:49:58+00:00] jpnap api body head: {"0":{"id":579,"date":"2025-11-20T11:00:42","date_gmt":"2025-11-20T02:00:42","guid":{"rendered":"https:\/\/www.stg.jpnap.net\/home\/?post_type=notice_ja&#038;p=579"},"modified":"2025-11-20T11:10:31","
[2025-12-25T03:49:58+00:00] jpnap api json decode error: No error
[2025-12-25T03:49:58+00:00] jpnap api status: 200
[2025-12-25T03:49:58+00:00] jpnap api body len: 145453
[2025-12-25T03:49:58+00:00] jpnap api body head: {"0":{"id":579,"date":"2025-11-20T11:00:42","date_gmt":"2025-11-20T02:00:42","guid":{"rendered":"https:\/\/www.stg.jpnap.net\/home\/?post_type=notice_ja&#038;p=579"},"modified":"2025-11-20T11:10:31","
[2025-12-25T03:49:58+00:00] jpnap api json decode error: No error
[2025-12-25T03:51:17+00:00] jpnap api status: 200
[2025-12-25T03:51:17+00:00] jpnap api body len: 145453
[2025-12-25T03:51:17+00:00] jpnap api body head: {"0":{"id":579,"date":"2025-11-20T11:00:42","date_gmt":"2025-11-20T02:00:42","guid":{"rendered":"https:\/\/www.stg.jpnap.net\/home\/?post_type=notice_ja&#038;p=579"},"modified":"2025-11-20T11:10:31","
[2025-12-25T03:51:17+00:00] jpnap api json decode error: No error
[2025-12-25T03:51:17+00:00] jpnap api status: 200
[2025-12-25T03:51:17+00:00] jpnap api body len: 145453
[2025-12-25T03:51:17+00:00] jpnap api body head: {"0":{"id":579,"date":"2025-11-20T11:00:42","date_gmt":"2025-11-20T02:00:42","guid":{"rendered":"https:\/\/www.stg.jpnap.net\/home\/?post_type=notice_ja&#038;p=579"},"modified":"2025-11-20T11:10:31","
[2025-12-25T03:51:17+00:00] jpnap api json decode error: No error
[2025-12-25T03:51:24+00:00] jpnap api status: 200
[2025-12-25T03:51:24+00:00] jpnap api body len: 145453
[2025-12-25T03:51:24+00:00] jpnap api body head: {"0":{"id":579,"date":"2025-11-20T11:00:42","date_gmt":"2025-11-20T02:00:42","guid":{"rendered":"https:\/\/www.stg.jpnap.net\/home\/?post_type=notice_ja&#038;p=579"},"modified":"2025-11-20T11:10:31","
[2025-12-25T03:51:24+00:00] jpnap api json decode error: No error
[2025-12-25T03:51:24+00:00] jpnap api status: 200
[2025-12-25T03:51:24+00:00] jpnap api body len: 145453
[2025-12-25T03:51:24+00:00] jpnap api body head: {"0":{"id":579,"date":"2025-11-20T11:00:42","date_gmt":"2025-11-20T02:00:42","guid":{"rendered":"https:\/\/www.stg.jpnap.net\/home\/?post_type=notice_ja&#038;p=579"},"modified":"2025-11-20T11:10:31","
[2025-12-25T03:51:24+00:00] jpnap api json decode error: No error
[2025-12-25T03:51:24+00:00] jpnap api status: 200
[2025-12-25T03:51:24+00:00] jpnap api body len: 145453
[2025-12-25T03:51:24+00:00] jpnap api body head: {"0":{"id":579,"date":"2025-11-20T11:00:42","date_gmt":"2025-11-20T02:00:42","guid":{"rendered":"https:\/\/www.stg.jpnap.net\/home\/?post_type=notice_ja&#038;p=579"},"modified":"2025-11-20T11:10:31","
[2025-12-25T03:51:24+00:00] jpnap api json decode error: No error
[2025-12-25T03:51:24+00:00] jpnap api status: 200
[2025-12-25T03:51:24+00:00] jpnap api body len: 145453
[2025-12-25T03:51:24+00:00] jpnap api body head: {"0":{"id":579,"date":"2025-11-20T11:00:42","date_gmt":"2025-11-20T02:00:42","guid":{"rendered":"https:\/\/www.stg.jpnap.net\/home\/?post_type=notice_ja&#038;p=579"},"modified":"2025-11-20T11:10:31","
[2025-12-25T03:51:24+00:00] jpnap api json decode error: No error
[2025-12-25T03:51:24+00:00] jpnap api status: 200
[2025-12-25T03:51:24+00:00] jpnap api body len: 145453
[2025-12-25T03:51:24+00:00] jpnap api body head: {"0":{"id":579,"date":"2025-11-20T11:00:42","date_gmt":"2025-11-20T02:00:42","guid":{"rendered":"https:\/\/www.stg.jpnap.net\/home\/?post_type=notice_ja&#038;p=579"},"modified":"2025-11-20T11:10:31","
[2025-12-25T03:51:24+00:00] jpnap api json decode error: No error
[2025-12-25T04:13:31+00:00] jpnap api status: 200
[2025-12-25T04:13:31+00:00] jpnap api body len: 145453
[2025-12-25T04:13:31+00:00] jpnap api body head: {"0":{"id":579,"date":"2025-11-20T11:00:42","date_gmt":"2025-11-20T02:00:42","guid":{"rendered":"https:\/\/www.stg.jpnap.net\/home\/?post_type=notice_ja&#038;p=579"},"modified":"2025-11-20T11:10:31","
[2025-12-25T04:13:31+00:00] jpnap api json decode error: No error
[2025-12-25T05:47:26+00:00] jpnap api status: 200
[2025-12-25T05:47:26+00:00] jpnap api body len: 145453
[2025-12-25T05:47:26+00:00] jpnap api body head: {"0":{"id":579,"date":"2025-11-20T11:00:42","date_gmt":"2025-11-20T02:00:42","guid":{"rendered":"https:\/\/www.stg.jpnap.net\/home\/?post_type=notice_ja&#038;p=579"},"modified":"2025-11-20T11:10:31","
[2025-12-25T05:47:26+00:00] jpnap api json decode error: No error
[2025-12-25T05:48:02+00:00] jpnap api status: 200
[2025-12-25T05:48:02+00:00] jpnap api body len: 145453
[2025-12-25T05:48:02+00:00] jpnap api body head: {"0":{"id":579,"date":"2025-11-20T11:00:42","date_gmt":"2025-11-20T02:00:42","guid":{"rendered":"https:\/\/www.stg.jpnap.net\/home\/?post_type=notice_ja&#038;p=579"},"modified":"2025-11-20T11:10:31","
[2025-12-25T05:48:02+00:00] jpnap api json decode error: No error
[2025-12-25T05:57:49+00:00] jpnap api status: 200
[2025-12-25T05:57:49+00:00] jpnap api body len: 145453
[2025-12-25T05:57:49+00:00] jpnap api body head: {"0":{"id":579,"date":"2025-11-20T11:00:42","date_gmt":"2025-11-20T02:00:42","guid":{"rendered":"https:\/\/www.stg.jpnap.net\/home\/?post_type=notice_ja&#038;p=579"},"modified":"2025-11-20T11:10:31","
[2025-12-25T05:57:49+00:00] jpnap api json decode error: No error
[2025-12-25T06:39:49+00:00] jpnap api status: 200
[2025-12-25T06:39:49+00:00] jpnap api body len: 145453
[2025-12-25T06:39:49+00:00] jpnap api body head: {"0":{"id":579,"date":"2025-11-20T11:00:42","date_gmt":"2025-11-20T02:00:42","guid":{"rendered":"https:\/\/www.stg.jpnap.net\/home\/?post_type=notice_ja&#038;p=579"},"modified":"2025-11-20T11:10:31","
[2025-12-25T06:39:49+00:00] jpnap api json decode error: No error
[2025-12-25T06:54:06+00:00] jpnap api status: 200
[2025-12-25T06:54:06+00:00] jpnap api body len: 145453
[2025-12-25T06:54:06+00:00] jpnap api body head: {"0":{"id":579,"date":"2025-11-20T11:00:42","date_gmt":"2025-11-20T02:00:42","guid":{"rendered":"https:\/\/www.stg.jpnap.net\/home\/?post_type=notice_ja&#038;p=579"},"modified":"2025-11-20T11:10:31","
[2025-12-25T06:54:06+00:00] jpnap api json decode error: No error
[2025-12-26T03:01:03+00:00] jpnap api status: 200
[2025-12-26T03:01:03+00:00] jpnap api body len: 145453
[2025-12-26T03:01:03+00:00] jpnap api body head: {"0":{"id":579,"date":"2025-11-20T11:00:42","date_gmt":"2025-11-20T02:00:42","guid":{"rendered":"https:\/\/www.stg.jpnap.net\/home\/?post_type=notice_ja&#038;p=579"},"modified":"2025-11-20T11:10:31","
[2025-12-26T03:01:03+00:00] jpnap api json decode error: No error
[2025-12-26T03:07:31+00:00] jpnap api status: 200
[2025-12-26T03:07:31+00:00] jpnap api body len: 145453
[2025-12-26T03:07:31+00:00] jpnap api body head: {"0":{"id":579,"date":"2025-11-20T11:00:42","date_gmt":"2025-11-20T02:00:42","guid":{"rendered":"https:\/\/www.stg.jpnap.net\/home\/?post_type=notice_ja&#038;p=579"},"modified":"2025-11-20T11:10:31","
[2025-12-26T03:07:31+00:00] jpnap api json decode error: No error
[2025-12-26T04:18:35+00:00] jpnap api status: 200
[2025-12-26T04:18:35+00:00] jpnap api body len: 145453
[2025-12-26T04:18:35+00:00] jpnap api body head: {"0":{"id":579,"date":"2025-11-20T11:00:42","date_gmt":"2025-11-20T02:00:42","guid":{"rendered":"https:\/\/www.stg.jpnap.net\/home\/?post_type=notice_ja&#038;p=579"},"modified":"2025-11-20T11:10:31","
[2025-12-26T04:18:35+00:00] jpnap api json decode error: No error
[2026-01-05T01:36:32+00:00] jpnap api status: 200
[2026-01-05T01:36:32+00:00] jpnap api body len: 145453
[2026-01-05T01:36:32+00:00] jpnap api body head: {"0":{"id":579,"date":"2025-11-20T11:00:42","date_gmt":"2025-11-20T02:00:42","guid":{"rendered":"https:\/\/www.stg.jpnap.net\/home\/?post_type=notice_ja&#038;p=579"},"modified":"2025-11-20T11:10:31","
[2026-01-05T01:36:32+00:00] jpnap api json decode error: No error
[2026-01-06T04:06:04+00:00] jpnap api status: 200
[2026-01-06T04:06:04+00:00] jpnap api body len: 145453
[2026-01-06T04:06:04+00:00] jpnap api body head: {"0":{"id":579,"date":"2025-11-20T11:00:42","date_gmt":"2025-11-20T02:00:42","guid":{"rendered":"https:\/\/www.stg.jpnap.net\/home\/?post_type=notice_ja&#038;p=579"},"modified":"2025-11-20T11:10:31","
[2026-01-06T04:06:04+00:00] jpnap api json decode error: No error
[2026-01-06T04:06:34+00:00] jpnap api status: 200
[2026-01-06T04:06:34+00:00] jpnap api body len: 145453
[2026-01-06T04:06:34+00:00] jpnap api body head: {"0":{"id":579,"date":"2025-11-20T11:00:42","date_gmt":"2025-11-20T02:00:42","guid":{"rendered":"https:\/\/www.stg.jpnap.net\/home\/?post_type=notice_ja&#038;p=579"},"modified":"2025-11-20T11:10:31","
[2026-01-06T04:06:34+00:00] jpnap api json decode error: No error
[2026-01-06T04:06:38+00:00] jpnap api status: 200
[2026-01-06T04:06:38+00:00] jpnap api body len: 145453
[2026-01-06T04:06:38+00:00] jpnap api body head: {"0":{"id":579,"date":"2025-11-20T11:00:42","date_gmt":"2025-11-20T02:00:42","guid":{"rendered":"https:\/\/www.stg.jpnap.net\/home\/?post_type=notice_ja&#038;p=579"},"modified":"2025-11-20T11:10:31","
[2026-01-06T04:06:38+00:00] jpnap api json decode error: No error
[2026-01-07T03:28:19+00:00] jpnap api status: 200
[2026-01-07T03:28:19+00:00] jpnap api body len: 145453
[2026-01-07T03:28:19+00:00] jpnap api body head: {"0":{"id":579,"date":"2025-11-20T11:00:42","date_gmt":"2025-11-20T02:00:42","guid":{"rendered":"https:\/\/www.stg.jpnap.net\/home\/?post_type=notice_ja&#038;p=579"},"modified":"2025-11-20T11:10:31","
[2026-01-07T03:28:19+00:00] jpnap api json decode error: No error
[2026-01-07T03:28:26+00:00] jpnap api status: 200
[2026-01-07T03:28:26+00:00] jpnap api body len: 145453
[2026-01-07T03:28:26+00:00] jpnap api body head: {"0":{"id":579,"date":"2025-11-20T11:00:42","date_gmt":"2025-11-20T02:00:42","guid":{"rendered":"https:\/\/www.stg.jpnap.net\/home\/?post_type=notice_ja&#038;p=579"},"modified":"2025-11-20T11:10:31","
[2026-01-07T03:28:26+00:00] jpnap api json decode error: No error
[2026-01-07T03:46:56+00:00] jpnap api status: 200
[2026-01-07T03:46:56+00:00] jpnap api body len: 145453
[2026-01-07T03:46:56+00:00] jpnap api body head: {"0":{"id":579,"date":"2025-11-20T11:00:42","date_gmt":"2025-11-20T02:00:42","guid":{"rendered":"https:\/\/www.stg.jpnap.net\/home\/?post_type=notice_ja&#038;p=579"},"modified":"2025-11-20T11:10:31","
[2026-01-07T03:46:56+00:00] jpnap api json decode error: No error
[2026-01-07T03:47:01+00:00] jpnap api status: 200
[2026-01-07T03:47:01+00:00] jpnap api body len: 145453
[2026-01-07T03:47:01+00:00] jpnap api body head: {"0":{"id":579,"date":"2025-11-20T11:00:42","date_gmt":"2025-11-20T02:00:42","guid":{"rendered":"https:\/\/www.stg.jpnap.net\/home\/?post_type=notice_ja&#038;p=579"},"modified":"2025-11-20T11:10:31","
[2026-01-07T03:47:01+00:00] jpnap api json decode error: No error
[2026-01-07T04:19:26+00:00] jpnap api status: 200
[2026-01-07T04:19:26+00:00] jpnap api body len: 145453
[2026-01-07T04:19:26+00:00] jpnap api body head: {"0":{"id":579,"date":"2025-11-20T11:00:42","date_gmt":"2025-11-20T02:00:42","guid":{"rendered":"https:\/\/www.stg.jpnap.net\/home\/?post_type=notice_ja&#038;p=579"},"modified":"2025-11-20T11:10:31","
[2026-01-07T04:19:26+00:00] jpnap api json decode error: No error
[2026-01-07T04:28:55+00:00] jpnap api status: 200
[2026-01-07T04:28:55+00:00] jpnap api body len: 145453
[2026-01-07T04:28:55+00:00] jpnap api body head: {"0":{"id":579,"date":"2025-11-20T11:00:42","date_gmt":"2025-11-20T02:00:42","guid":{"rendered":"https:\/\/www.stg.jpnap.net\/home\/?post_type=notice_ja&#038;p=579"},"modified":"2025-11-20T11:10:31","
[2026-01-07T04:28:55+00:00] jpnap api json decode error: No error
[2026-01-07T06:29:17+00:00] jpnap api status: 200
[2026-01-07T06:29:17+00:00] jpnap api body len: 145453
[2026-01-07T06:29:17+00:00] jpnap api body head: {"0":{"id":579,"date":"2025-11-20T11:00:42","date_gmt":"2025-11-20T02:00:42","guid":{"rendered":"https:\/\/www.stg.jpnap.net\/home\/?post_type=notice_ja&#038;p=579"},"modified":"2025-11-20T11:10:31","
[2026-01-07T06:29:17+00:00] jpnap api json decode error: No error
[2026-01-08T10:53:04+00:00] jpnap api status: 200
[2026-01-08T10:53:04+00:00] jpnap api body len: 145453
[2026-01-08T10:53:04+00:00] jpnap api body head: {"0":{"id":579,"date":"2025-11-20T11:00:42","date_gmt":"2025-11-20T02:00:42","guid":{"rendered":"https:\/\/www.stg.jpnap.net\/home\/?post_type=notice_ja&#038;p=579"},"modified":"2025-11-20T11:10:31","
[2026-01-08T10:53:04+00:00] jpnap api json decode error: No error
[2026-01-14T02:14:39+00:00] jpnap api status: 200
[2026-01-14T02:14:39+00:00] jpnap api body len: 145453
[2026-01-14T02:14:39+00:00] jpnap api body head: {"0":{"id":579,"date":"2025-11-20T11:00:42","date_gmt":"2025-11-20T02:00:42","guid":{"rendered":"https:\/\/www.stg.jpnap.net\/home\/?post_type=notice_ja&#038;p=579"},"modified":"2025-11-20T11:10:31","
[2026-01-14T02:14:39+00:00] jpnap api json decode error: No error
[2026-01-18T03:37:40+00:00] jpnap api status: 200
[2026-01-18T03:37:40+00:00] jpnap api body len: 145453
[2026-01-18T03:37:40+00:00] jpnap api body head: {"0":{"id":579,"date":"2025-11-20T11:00:42","date_gmt":"2025-11-20T02:00:42","guid":{"rendered":"https:\/\/www.stg.jpnap.net\/home\/?post_type=notice_ja&#038;p=579"},"modified":"2025-11-20T11:10:31","
[2026-01-18T03:37:40+00:00] jpnap api json decode error: No error
[2026-01-30T04:01:10+00:00] jpnap api status: 200
[2026-01-30T04:01:10+00:00] jpnap api body len: 145453
[2026-01-30T04:01:10+00:00] jpnap api body head: {"0":{"id":579,"date":"2025-11-20T11:00:42","date_gmt":"2025-11-20T02:00:42","guid":{"rendered":"https:\/\/www.stg.jpnap.net\/home\/?post_type=notice_ja&#038;p=579"},"modified":"2025-11-20T11:10:31","
[2026-01-30T04:01:10+00:00] jpnap api json decode error: No error
[2026-01-30T04:02:23+00:00] jpnap api status: 200
[2026-01-30T04:02:23+00:00] jpnap api body len: 145453
[2026-01-30T04:02:23+00:00] jpnap api body head: {"0":{"id":579,"date":"2025-11-20T11:00:42","date_gmt":"2025-11-20T02:00:42","guid":{"rendered":"https:\/\/www.stg.jpnap.net\/home\/?post_type=notice_ja&#038;p=579"},"modified":"2025-11-20T11:10:31","
[2026-01-30T04:02:23+00:00] jpnap api json decode error: No error
[2026-02-02T03:17:58+00:00] jpnap api status: 200
[2026-02-02T03:17:58+00:00] jpnap api body len: 145453
[2026-02-02T03:17:58+00:00] jpnap api body head: {"0":{"id":579,"date":"2025-11-20T11:00:42","date_gmt":"2025-11-20T02:00:42","guid":{"rendered":"https:\/\/www.stg.jpnap.net\/home\/?post_type=notice_ja&#038;p=579"},"modified":"2025-11-20T11:10:31","
[2026-02-02T03:17:58+00:00] jpnap api json decode error: No error
[2026-02-02T04:41:58+00:00] jpnap api status: 200
[2026-02-02T04:41:58+00:00] jpnap api body len: 145453
[2026-02-02T04:41:58+00:00] jpnap api body head: {"0":{"id":579,"date":"2025-11-20T11:00:42","date_gmt":"2025-11-20T02:00:42","guid":{"rendered":"https:\/\/www.stg.jpnap.net\/home\/?post_type=notice_ja&#038;p=579"},"modified":"2025-11-20T11:10:31","
[2026-02-02T04:41:58+00:00] jpnap api json decode error: No error
[2026-02-02T05:16:42+00:00] jpnap api status: 200
[2026-02-02T05:16:42+00:00] jpnap api body len: 145453
[2026-02-02T05:16:42+00:00] jpnap api body head: {"0":{"id":579,"date":"2025-11-20T11:00:42","date_gmt":"2025-11-20T02:00:42","guid":{"rendered":"https:\/\/www.stg.jpnap.net\/home\/?post_type=notice_ja&#038;p=579"},"modified":"2025-11-20T11:10:31","
[2026-02-02T05:16:42+00:00] jpnap api json decode error: No error
[2026-02-02T05:23:13+00:00] jpnap api status: 200
[2026-02-02T05:23:13+00:00] jpnap api body len: 145453
[2026-02-02T05:23:13+00:00] jpnap api body head: {"0":{"id":579,"date":"2025-11-20T11:00:42","date_gmt":"2025-11-20T02:00:42","guid":{"rendered":"https:\/\/www.stg.jpnap.net\/home\/?post_type=notice_ja&#038;p=579"},"modified":"2025-11-20T11:10:31","
[2026-02-02T05:23:13+00:00] jpnap api json decode error: No error
[2026-02-02T05:23:29+00:00] jpnap api status: 200
[2026-02-02T05:23:29+00:00] jpnap api body len: 145453
[2026-02-02T05:23:29+00:00] jpnap api body head: {"0":{"id":579,"date":"2025-11-20T11:00:42","date_gmt":"2025-11-20T02:00:42","guid":{"rendered":"https:\/\/www.stg.jpnap.net\/home\/?post_type=notice_ja&#038;p=579"},"modified":"2025-11-20T11:10:31","
[2026-02-02T05:23:29+00:00] jpnap api json decode error: No error
[2026-02-02T05:25:04+00:00] jpnap api status: 200
[2026-02-02T05:25:04+00:00] jpnap api body len: 145453
[2026-02-02T05:25:04+00:00] jpnap api body head: {"0":{"id":579,"date":"2025-11-20T11:00:42","date_gmt":"2025-11-20T02:00:42","guid":{"rendered":"https:\/\/www.stg.jpnap.net\/home\/?post_type=notice_ja&#038;p=579"},"modified":"2025-11-20T11:10:31","
[2026-02-02T05:25:04+00:00] jpnap api json decode error: No error
[2026-02-02T11:34:33+00:00] jpnap api status: 200
[2026-02-02T11:34:33+00:00] jpnap api body len: 145453
[2026-02-02T11:34:33+00:00] jpnap api body head: {"0":{"id":579,"date":"2025-11-20T11:00:42","date_gmt":"2025-11-20T02:00:42","guid":{"rendered":"https:\/\/www.stg.jpnap.net\/home\/?post_type=notice_ja&#038;p=579"},"modified":"2025-11-20T11:10:31","
[2026-02-02T11:34:33+00:00] jpnap api json decode error: No error
[2026-02-03T03:08:55+00:00] jpnap api status: 200
[2026-02-03T03:08:55+00:00] jpnap api body len: 145453
[2026-02-03T03:08:55+00:00] jpnap api body head: {"0":{"id":579,"date":"2025-11-20T11:00:42","date_gmt":"2025-11-20T02:00:42","guid":{"rendered":"https:\/\/www.stg.jpnap.net\/home\/?post_type=notice_ja&#038;p=579"},"modified":"2025-11-20T11:10:31","
[2026-02-03T03:08:55+00:00] jpnap api json decode error: No error
[2026-02-03T07:00:05+00:00] jpnap api status: 200
[2026-02-03T07:00:05+00:00] jpnap api body len: 145453
[2026-02-03T07:00:05+00:00] jpnap api body head: {"0":{"id":579,"date":"2025-11-20T11:00:42","date_gmt":"2025-11-20T02:00:42","guid":{"rendered":"https:\/\/www.stg.jpnap.net\/home\/?post_type=notice_ja&#038;p=579"},"modified":"2025-11-20T11:10:31","
[2026-02-03T07:00:05+00:00] jpnap api json decode error: No error
[2026-02-19T04:21:06+00:00] jpnap api status: 200
[2026-02-19T04:21:06+00:00] jpnap api body len: 145453
[2026-02-19T04:21:06+00:00] jpnap api body head: {"0":{"id":579,"date":"2025-11-20T11:00:42","date_gmt":"2025-11-20T02:00:42","guid":{"rendered":"https:\/\/www.stg.jpnap.net\/home\/?post_type=notice_ja&#038;p=579"},"modified":"2025-11-20T11:10:31","
[2026-02-19T04:21:06+00:00] jpnap api json decode error: No error
[2026-02-19T04:38:59+00:00] jpnap api status: 200
[2026-02-19T04:38:59+00:00] jpnap api body len: 145453
[2026-02-19T04:38:59+00:00] jpnap api body head: {"0":{"id":579,"date":"2025-11-20T11:00:42","date_gmt":"2025-11-20T02:00:42","guid":{"rendered":"https:\/\/www.stg.jpnap.net\/home\/?post_type=notice_ja&#038;p=579"},"modified":"2025-11-20T11:10:31","
[2026-02-19T04:38:59+00:00] jpnap api json decode error: No error
[2026-02-19T05:20:06+00:00] jpnap api status: 200
[2026-02-19T05:20:06+00:00] jpnap api body len: 145453
[2026-02-19T05:20:06+00:00] jpnap api body head: {"0":{"id":579,"date":"2025-11-20T11:00:42","date_gmt":"2025-11-20T02:00:42","guid":{"rendered":"https:\/\/www.stg.jpnap.net\/home\/?post_type=notice_ja&#038;p=579"},"modified":"2025-11-20T11:10:31","
[2026-02-19T05:20:06+00:00] jpnap api json decode error: No error
[2026-02-27T05:29:22+00:00] jpnap api status: 200
[2026-02-27T05:29:22+00:00] jpnap api body len: 145453
[2026-02-27T05:29:22+00:00] jpnap api body head: {"0":{"id":579,"date":"2025-11-20T11:00:42","date_gmt":"2025-11-20T02:00:42","guid":{"rendered":"https:\/\/www.stg.jpnap.net\/home\/?post_type=notice_ja&#038;p=579"},"modified":"2025-11-20T11:10:31","
[2026-02-27T05:29:22+00:00] jpnap api json decode error: No error
